plasma1.fb,tep_fep.to_SDS_Fraction[1],i_iss.T,blanket.TBR,Doubling_Time,Self_Sufficiency_Time,Startup_Inventory
0.02,0.1,4.0,1.05,,10000.0,6191.0021101559105
0.02,0.1,4.0,1.11667,,127.0,5484.030515869586
0.02,0.1,4.0,1.18333,7415.0,103.0,5443.522627902275
0.02,0.1,4.0,1.25,4900.0,92.0,5412.778958476463
0.02,0.1,4.0,1.05.1,,10000.0,6191.0021101559105
0.02,0.1,4.0,1.05.2,,10000.0,6191.0021101559105
0.02,0.1,4.0,1.11667.1,,127.0,5484.030515869586
0.02,0.1,4.0,1.11667.2,,127.0,5484.030515869586
0.02,0.1,4.0,1.11667.3,,127.0,5484.030515869586
0.02,0.1,4.0,1.11667.4,,127.0,5484.030515869586
0.02,0.1,4.0,1.11667.5,,127.0,5484.030515869586
0.02,0.1,4.0,1.11667.6,,127.0,5484.030515869586
0.02,0.1,4.0,1.18333.1,7415.0,103.0,5443.522627902275
0.02,0.1,4.0,1.18333.2,7415.0,103.0,5443.522627902275
0.02,0.1,4.0,1.18333.3,7415.0,103.0,5443.522627902275
0.02,0.1,4.0,1.18333.4,7415.0,103.0,5443.522627902275
0.02,0.1,4.0,1.18333.5,7415.0,103.0,5443.522627902275
0.02,0.1,4.0,1.18333.6,7415.0,103.0,5443.522627902275
0.02,0.1,4.0,1.25.1,4900.0,92.0,5412.778958476463
0.02,0.1,6.66667,1.05,,10000.0,8472.292949196279
0.02,0.1,6.66667,1.18333,9303.0,103.0,7724.812705382671
0.02,0.1,6.66667,1.25,6149.0,92.0,7694.062369832091
0.02,0.1,6.66667,1.05.1,,10000.0,8472.292949196279
0.02,0.1,6.66667,1.05.2,,10000.0,8472.292949196279
0.02,0.1,6.66667,1.05.3,,10000.0,8472.292949196279
0.02,0.1,6.66667,1.05.4,,10000.0,8472.292949196279
0.02,0.1,6.66667,1.05.5,,10000.0,8472.292949196279
0.02,0.1,6.66667,1.05.6,,10000.0,8472.292949196279
0.02,0.1,6.66667,1.25.1,6149.0,92.0,7694.062369832091
0.02,0.1,9.33333,1.05,,10000.0,10753.49766795246
0.02,0.1,9.33333,1.11667,,127.0,10046.513514649983
0.02,0.1,9.33333,1.18333,,103.0,10005.866209321855
0.02,0.1,9.33333,1.25,7400.0,92.0,9974.781601046981
0.02,0.1,9.33333,1.05.1,,10000.0,10753.49766795246
0.02,0.1,9.33333,1.11667.1,,127.0,10046.513514649983
0.02,0.1,9.33333,1.11667.2,,127.0,10046.513514649983
0.02,0.1,9.33333,1.11667.3,,127.0,10046.513514649983
0.02,0.1,9.33333,1.11667.4,,127.0,10046.513514649983
0.02,0.1,9.33333,1.11667.5,,127.0,10046.513514649983
0.02,0.1,9.33333,1.11667.6,,127.0,10046.513514649983
0.02,0.1,9.33333,1.18333.1,,103.0,10005.866209321855
0.02,0.1,9.33333,1.18333.2,,103.0,10005.866209321855
0.02,0.1,9.33333,1.18333.3,,103.0,10005.866209321855
0.02,0.1,9.33333,1.18333.4,,103.0,10005.866209321855
0.02,0.1,9.33333,1.18333.5,,103.0,10005.866209321855
0.02,0.1,9.33333,1.25.1,7400.0,92.0,9974.781601046981
0.02,0.1,9.33333,1.25.2,7400.0,92.0,9974.781601046981
0.02,0.1,9.33333,1.25.3,7400.0,92.0,9974.781601046981
0.02,0.1,12.0,1.05,,10000.0,13034.63318630042
0.02,0.1,12.0,1.11667,,129.0,12327.39330679742
0.02,0.1,12.0,1.18333,,106.0,12285.253101460978
0.02,0.1,12.0,1.25,8655.0,97.0,12251.89599047563
0.02,0.1,12.0,1.05.1,,10000.0,13034.63318630042
0.02,0.1,12.0,1.05.2,,10000.0,13034.63318630042
0.02,0.1,12.0,1.05.3,,10000.0,13034.63318630042
0.02,0.1,12.0,1.05.4,,10000.0,13034.63318630042
0.02,0.1,12.0,1.05.5,,10000.0,13034.63318630042
0.02,0.1,12.0,1.11667.1,,129.0,12327.39330679742
0.02,0.1,12.0,1.11667.2,,129.0,12327.39330679742
0.02,0.1,12.0,1.11667.3,,129.0,12327.39330679742
0.02,0.1,12.0,1.11667.4,,129.0,12327.39330679742
0.02,0.1,12.0,1.18333.1,,106.0,12285.253101460978
0.02,0.1,12.0,1.18333.2,,106.0,12285.253101460978
0.02,0.1,12.0,1.18333.3,,106.0,12285.253101460978
0.02,0.1,12.0,1.25.1,8655.0,97.0,12251.89599047563
0.02,0.1,12.0,1.25.2,8655.0,97.0,12251.89599047563
0.02,0.1,12.0,1.25.3,8655.0,97.0,12251.89599047563
0.02,0.1,12.0,1.25.4,8655.0,97.0,12251.89599047563
0.02,0.1,12.0,1.25.5,8655.0,97.0,12251.89599047563
0.02,0.1,12.0,1.25.6,8655.0,97.0,12251.89599047563
0.02,0.39667,4.0,1.05,,2947.0,4448.874510083457
0.02,0.39667,4.0,1.11667,,122.0,4150.141552154606
0.02,0.39667,4.0,1.18333,5916.0,101.0,4111.5583263134995
0.02,0.39667,4.0,1.25,3990.0,90.0,4081.726003038142
0.02,0.39667,4.0,1.05.1,,2947.0,4448.874510083457
0.02,0.39667,4.0,1.05.2,,2947.0,4448.874510083457
0.02,0.39667,4.0,1.05.3,,2947.0,4448.874510083457
0.02,0.39667,4.0,1.11667.1,,122.0,4150.141552154606
0.02,0.39667,4.0,1.11667.2,,122.0,4150.141552154606
0.02,0.39667,4.0,1.11667.3,,122.0,4150.141552154606
0.02,0.39667,4.0,1.11667.4,,122.0,4150.141552154606
0.02,0.39667,4.0,1.11667.5,,122.0,4150.141552154606
0.02,0.39667,4.0,1.25.1,3990.0,90.0,4081.726003038142
0.02,0.39667,4.0,1.25.2,3990.0,90.0,4081.726003038142
0.02,0.39667,4.0,1.25.3,3990.0,90.0,4081.726003038142
0.02,0.39667,4.0,1.25.4,3990.0,90.0,4081.726003038142
0.02,0.39667,4.0,1.25.5,3990.0,90.0,4081.726003038142
0.02,0.39667,4.0,1.25.6,3990.0,90.0,4081.726003038142
0.02,0.39667,6.66667,1.05,,2947.0,5978.174378544578
0.02,0.39667,6.66667,1.11667,,122.0,5679.442445945775
0.02,0.39667,6.66667,1.18333,7100.0,101.0,5640.856914382064
0.02,0.39667,6.66667,1.25,4794.0,90.0,5611.019092039719
0.02,0.39667,6.66667,1.05.1,,2947.0,5978.174378544578
0.02,0.39667,6.66667,1.11667.1,,122.0,5679.442445945775
0.02,0.39667,6.66667,1.11667.2,,122.0,5679.442445945775
0.02,0.39667,6.66667,1.11667.3,,122.0,5679.442445945775
0.02,0.39667,6.66667,1.11667.4,,122.0,5679.442445945775
0.02,0.39667,6.66667,1.11667.5,,122.0,5679.442445945775
0.02,0.39667,6.66667,1.11667.6,,122.0,5679.442445945775
0.02,0.39667,6.66667,1.11667.7,,122.0,5679.442445945775
0.02,0.39667,6.66667,1.11667.8,,122.0,5679.442445945775
0.02,0.39667,6.66667,1.11667.9,,122.0,5679.442445945775
0.02,0.39667,6.66667,1.18333.1,7100.0,101.0,5640.856914382064
0.02,0.39667,6.66667,1.18333.2,7100.0,101.0,5640.856914382064
0.02,0.39667,6.66667,1.18333.3,7100.0,101.0,5640.856914382064
0.02,0.39667,6.66667,1.25.1,4794.0,90.0,5611.019092039719
0.02,0.39667,6.66667,1.25.2,4794.0,90.0,5611.019092039719
0.02,0.39667,6.66667,1.25.3,4794.0,90.0,5611.019092039719
0.02,0.39667,6.66667,1.25.4,4794.0,90.0,5611.019092039719
0.02,0.39667,6.66667,1.25.5,4794.0,90.0,5611.019092039719
0.02,0.39667,6.66667,1.25.6,4794.0,90.0,5611.019092039719
0.02,0.39667,6.66667,1.25.7,4794.0,90.0,5611.019092039719
0.02,0.39667,9.33333,1.05,,2947.0,7507.416630918906
0.02,0.39667,9.33333,1.11667,,122.0,7208.669689953725
0.02,0.39667,9.33333,1.18333,8285.0,101.0,7169.973243960802
0.02,0.39667,9.33333,1.25,5596.0,91.0,7139.890638675866
0.02,0.39667,9.33333,1.05.1,,2947.0,7507.416630918906
0.02,0.39667,9.33333,1.05.2,,2947.0,7507.416630918906
0.02,0.39667,9.33333,1.05.3,,2947.0,7507.416630918906
0.02,0.39667,9.33333,1.05.4,,2947.0,7507.416630918906
0.02,0.39667,9.33333,1.11667.1,,122.0,7208.669689953725
0.02,0.39667,9.33333,1.11667.2,,122.0,7208.669689953725
0.02,0.39667,9.33333,1.11667.3,,122.0,7208.669689953725
0.02,0.39667,9.33333,1.11667.4,,122.0,7208.669689953725
0.02,0.39667,9.33333,1.18333.1,8285.0,101.0,7169.973243960802
0.02,0.39667,9.33333,1.18333.2,8285.0,101.0,7169.973243960802
0.02,0.39667,9.33333,1.18333.3,8285.0,101.0,7169.973243960802
0.02,0.39667,9.33333,1.18333.4,8285.0,101.0,7169.973243960802
0.02,0.39667,9.33333,1.18333.5,8285.0,101.0,7169.973243960802
0.02,0.39667,9.33333,1.25.1,5596.0,91.0,7139.890638675866
0.02,0.39667,9.33333,1.25.2,5596.0,91.0,7139.890638675866
0.02,0.39667,9.33333,1.25.3,5596.0,91.0,7139.890638675866
0.02,0.39667,9.33333,1.25.4,5596.0,91.0,7139.890638675866
0.02,0.39667,9.33333,1.25.5,5596.0,91.0,7139.890638675866
0.02,0.39667,9.33333,1.25.6,5596.0,91.0,7139.890638675866
0.02,0.39667,9.33333,1.25.7,5596.0,91.0,7139.890638675866
0.02,0.39667,12.0,1.05,,2947.0,9036.612532046845
0.02,0.39667,12.0,1.11667,,123.0,8737.591631407016
0.02,0.39667,12.0,1.18333,9474.0,104.0,8697.72607895681
0.02,0.39667,12.0,1.25,6397.0,94.0,8665.911362263623
0.02,0.39667,12.0,1.05.1,,2947.0,9036.612532046845
0.02,0.39667,12.0,1.05.2,,2947.0,9036.612532046845
0.02,0.39667,12.0,1.05.3,,2947.0,9036.612532046845
0.02,0.39667,12.0,1.05.4,,2947.0,9036.612532046845
0.02,0.39667,12.0,1.11667.1,,123.0,8737.591631407016
0.02,0.39667,12.0,1.11667.2,,123.0,8737.591631407016
0.02,0.39667,12.0,1.11667.3,,123.0,8737.591631407016
0.02,0.39667,12.0,1.11667.4,,123.0,8737.591631407016
0.02,0.39667,12.0,1.11667.5,,123.0,8737.591631407016
0.02,0.39667,12.0,1.11667.6,,123.0,8737.591631407016
0.02,0.39667,12.0,1.18333.1,9474.0,104.0,8697.72607895681
0.02,0.39667,12.0,1.18333.2,9474.0,104.0,8697.72607895681
0.02,0.39667,12.0,1.18333.3,9474.0,104.0,8697.72607895681
0.02,0.39667,12.0,1.25.1,6397.0,94.0,8665.911362263623
0.02,0.39667,12.0,1.25.2,6397.0,94.0,8665.911362263623
0.02,0.39667,12.0,1.25.3,6397.0,94.0,8665.911362263623
0.02,0.39667,12.0,1.25.4,6397.0,94.0,8665.911362263623
0.02,0.39667,12.0,1.25.5,6397.0,94.0,8665.911362263623
0.02,0.69333,4.0,1.05,,1328.0,2929.9716129544895
0.02,0.69333,4.0,1.11667,8324.0,118.0,2793.1067539850674
0.02,0.69333,4.0,1.18333,4575.0,99.0,2756.197941897051
0.02,0.69333,4.0,1.25,3140.0,89.0,2727.219444567042
0.02,0.69333,4.0,1.05.1,,1328.0,2929.9716129544895
0.02,0.69333,4.0,1.05.2,,1328.0,2929.9716129544895
0.02,0.69333,4.0,1.05.3,,1328.0,2929.9716129544895
0.02,0.69333,4.0,1.05.4,,1328.0,2929.9716129544895
0.02,0.69333,4.0,1.05.5,,1328.0,2929.9716129544895
0.02,0.69333,4.0,1.11667.1,8324.0,118.0,2793.1067539850674
0.02,0.69333,4.0,1.11667.2,8324.0,118.0,2793.1067539850674
0.02,0.69333,4.0,1.11667.3,8324.0,118.0,2793.1067539850674
0.02,0.69333,4.0,1.18333.1,4575.0,99.0,2756.197941897051
0.02,0.69333,4.0,1.18333.2,4575.0,99.0,2756.197941897051
0.02,0.69333,4.0,1.18333.3,4575.0,99.0,2756.197941897051
0.02,0.69333,4.0,1.18333.4,4575.0,99.0,2756.197941897051
0.02,0.69333,4.0,1.18333.5,4575.0,99.0,2756.197941897051
0.02,0.69333,4.0,1.25.1,3140.0,89.0,2727.219444567042
0.02,0.69333,4.0,1.25.2,3140.0,89.0,2727.219444567042
0.02,0.69333,4.0,1.25.3,3140.0,89.0,2727.219444567042
0.02,0.69333,4.0,1.25.4,3140.0,89.0,2727.219444567042
0.02,0.69333,4.0,1.25.5,3140.0,89.0,2727.219444567042
0.02,0.69333,4.0,1.25.6,3140.0,89.0,2727.219444567042
0.02,0.69333,6.66667,1.05,,1328.0,3707.3064102597073
0.02,0.69333,6.66667,1.11667,9346.0,118.0,3570.4407819971425
0.02,0.69333,6.66667,1.18333,5143.0,99.0,3533.531834389888
0.02,0.69333,6.66667,1.25,3534.0,89.0,3504.550151681545
0.02,0.69333,6.66667,1.05.1,,1328.0,3707.3064102597073
0.02,0.69333,6.66667,1.05.2,,1328.0,3707.3064102597073
0.02,0.69333,6.66667,1.05.3,,1328.0,3707.3064102597073
0.02,0.69333,6.66667,1.05.4,,1328.0,3707.3064102597073
0.02,0.69333,6.66667,1.05.5,,1328.0,3707.3064102597073
0.02,0.69333,6.66667,1.11667.1,9346.0,118.0,3570.4407819971425
0.02,0.69333,6.66667,1.18333.1,5143.0,99.0,3533.531834389888
0.02,0.69333,6.66667,1.18333.2,5143.0,99.0,3533.531834389888
0.02,0.69333,6.66667,1.18333.3,5143.0,99.0,3533.531834389888
0.02,0.69333,6.66667,1.25.1,3534.0,89.0,3504.550151681545
0.02,0.69333,6.66667,1.25.2,3534.0,89.0,3504.550151681545
0.02,0.69333,6.66667,1.25.3,3534.0,89.0,3504.550151681545
0.02,0.69333,6.66667,1.25.4,3534.0,89.0,3504.550151681545
0.02,0.69333,9.33333,1.05,,1328.0,4484.612050323933
0.02,0.69333,9.33333,1.11667,,118.0,4347.735570678343
0.02,0.69333,9.33333,1.18333,5710.0,99.0,4310.757035419607
0.02,0.69333,9.33333,1.25,3927.0,90.0,4281.629302198685
0.02,0.69333,9.33333,1.05.1,,1328.0,4484.612050323933
0.02,0.69333,9.33333,1.05.2,,1328.0,4484.612050323933
0.02,0.69333,9.33333,1.05.3,,1328.0,4484.612050323933
0.02,0.69333,9.33333,1.05.4,,1328.0,4484.612050323933
0.02,0.69333,9.33333,1.11667.1,,118.0,4347.735570678343
0.02,0.69333,9.33333,1.11667.2,,118.0,4347.735570678343
0.02,0.69333,9.33333,1.11667.3,,118.0,4347.735570678343
0.02,0.69333,9.33333,1.18333.1,5710.0,99.0,4310.757035419607
0.02,0.69333,9.33333,1.18333.2,5710.0,99.0,4310.757035419607
0.02,0.69333,9.33333,1.18333.3,5710.0,99.0,4310.757035419607
0.02,0.69333,9.33333,1.18333.4,5710.0,99.0,4310.757035419607
0.02,0.69333,9.33333,1.25.1,3927.0,90.0,4281.629302198685
0.02,0.69333,9.33333,1.25.2,3927.0,90.0,4281.629302198685
0.02,0.69333,9.33333,1.25.3,3927.0,90.0,4281.629302198685
0.02,0.69333,9.33333,1.25.4,3927.0,90.0,4281.629302198685
0.02,0.69333,9.33333,1.25.5,3927.0,90.0,4281.629302198685
0.02,0.69333,9.33333,1.25.6,3927.0,90.0,4281.629302198685
0.02,0.69333,9.33333,1.25.7,3927.0,90.0,4281.629302198685
0.02,0.69333,12.0,1.05,,1328.0,5261.894173645715
0.02,0.69333,12.0,1.11667,,118.0,5124.812269225833
0.02,0.69333,12.0,1.18333,6276.0,101.0,5087.13207148911
0.02,0.69333,12.0,1.25,4319.0,92.0,5056.978030131722
0.02,0.69333,12.0,1.05.1,,1328.0,5261.894173645715
0.02,0.69333,12.0,1.05.2,,1328.0,5261.894173645715
0.02,0.69333,12.0,1.05.3,,1328.0,5261.894173645715
0.02,0.69333,12.0,1.05.4,,1328.0,5261.894173645715
0.02,0.69333,12.0,1.05.5,,1328.0,5261.894173645715
0.02,0.69333,12.0,1.11667.1,,118.0,5124.812269225833
0.02,0.69333,12.0,1.11667.2,,118.0,5124.812269225833
0.02,0.69333,12.0,1.11667.3,,118.0,5124.812269225833
0.02,0.69333,12.0,1.18333.1,6276.0,101.0,5087.13207148911
0.02,0.69333,12.0,1.18333.2,6276.0,101.0,5087.13207148911
0.02,0.69333,12.0,1.18333.3,6276.0,101.0,5087.13207148911
0.02,0.69333,12.0,1.25.1,4319.0,92.0,5056.978030131722
0.02,0.69333,12.0,1.25.2,4319.0,92.0,5056.978030131722
0.02,0.69333,12.0,1.25.3,4319.0,92.0,5056.978030131722
0.02,0.69333,12.0,1.25.4,4319.0,92.0,5056.978030131722
0.02,0.69333,12.0,1.25.5,4319.0,92.0,5056.978030131722
0.02,0.69333,12.0,1.25.6,4319.0,92.0,5056.978030131722
0.02,0.99,4.0,1.05,,629.0,1427.72081768037
0.02,0.99,4.0,1.11667,5812.0,114.0,1354.60519098391
0.02,0.99,4.0,1.18333,3318.0,97.0,1319.170778834216
0.02,0.99,4.0,1.25,2310.0,88.0,1290.994646018305
0.02,0.99,4.0,1.05.1,,629.0,1427.72081768037
0.02,0.99,4.0,1.05.2,,629.0,1427.72081768037
0.02,0.99,4.0,1.05.3,,629.0,1427.72081768037
0.02,0.99,4.0,1.05.4,,629.0,1427.72081768037
0.02,0.99,4.0,1.11667.1,5812.0,114.0,1354.60519098391
0.02,0.99,4.0,1.11667.2,5812.0,114.0,1354.60519098391
0.02,0.99,4.0,1.11667.3,5812.0,114.0,1354.60519098391
0.02,0.99,4.0,1.11667.4,5812.0,114.0,1354.60519098391
0.02,0.99,4.0,1.18333.1,3318.0,97.0,1319.170778834216
0.02,0.99,4.0,1.18333.2,3318.0,97.0,1319.170778834216
0.02,0.99,4.0,1.25.1,2310.0,88.0,1290.994646018305
0.02,0.99,4.0,1.25.2,2310.0,88.0,1290.994646018305
0.02,0.99,6.66667,1.05,,629.0,1453.06822827941
0.02,0.99,6.66667,1.11667,5842.0,114.0,1379.952576654037
0.02,0.99,6.66667,1.18333,3336.0,97.0,1344.518148447086
0.02,0.99,6.66667,1.25,2322.0,88.0,1316.341887093036
0.02,0.99,6.66667,1.05.1,,629.0,1453.06822827941
0.02,0.99,6.66667,1.05.2,,629.0,1453.06822827941
0.02,0.99,6.66667,1.05.3,,629.0,1453.06822827941
0.02,0.99,6.66667,1.05.4,,629.0,1453.06822827941
0.02,0.99,6.66667,1.11667.1,5842.0,114.0,1379.952576654037
0.02,0.99,6.66667,1.11667.2,5842.0,114.0,1379.952576654037
0.02,0.99,6.66667,1.11667.3,5842.0,114.0,1379.952576654037
0.02,0.99,6.66667,1.11667.4,5842.0,114.0,1379.952576654037
0.02,0.99,6.66667,1.11667.5,5842.0,114.0,1379.952576654037
0.02,0.99,6.66667,1.11667.6,5842.0,114.0,1379.952576654037
0.02,0.99,6.66667,1.11667.7,5842.0,114.0,1379.952576654037
0.02,0.99,6.66667,1.11667.8,5842.0,114.0,1379.952576654037
0.02,0.99,6.66667,1.11667.9,5842.0,114.0,1379.952576654037
0.02,0.99,6.66667,1.18333.1,3336.0,97.0,1344.518148447086
0.02,0.99,6.66667,1.18333.2,3336.0,97.0,1344.518148447086
0.02,0.99,6.66667,1.18333.3,3336.0,97.0,1344.518148447086
0.02,0.99,6.66667,1.18333.4,3336.0,97.0,1344.518148447086
0.02,0.99,6.66667,1.25.1,2322.0,88.0,1316.341887093036
0.02,0.99,6.66667,1.25.2,2322.0,88.0,1316.341887093036
0.02,0.99,6.66667,1.25.3,2322.0,88.0,1316.341887093036
0.02,0.99,6.66667,1.25.4,2322.0,88.0,1316.341887093036
0.02,0.99,6.66667,1.25.5,2322.0,88.0,1316.341887093036
0.02,0.99,6.66667,1.25.6,2322.0,88.0,1316.341887093036
0.02,0.99,6.66667,1.25.7,2322.0,88.0,1316.341887093036
0.02,0.99,6.66667,1.25.8,2322.0,88.0,1316.341887093036
0.02,0.99,6.66667,1.25.9,2322.0,88.0,1316.341887093036
0.02,0.99,9.33333,1.05,,629.0,1478.414703981231
0.02,0.99,9.33333,1.11667,5872.0,114.0,1405.298517089106
0.02,0.99,9.33333,1.18333,3353.0,97.0,1369.861236289713
0.02,0.99,9.33333,1.25,2335.0,88.0,1341.679554978918
0.02,0.99,9.33333,1.05.1,,629.0,1478.414703981231
0.02,0.99,9.33333,1.11667.1,5872.0,114.0,1405.298517089106
0.02,0.99,9.33333,1.11667.2,5872.0,114.0,1405.298517089106
0.02,0.99,9.33333,1.11667.3,5872.0,114.0,1405.298517089106
0.02,0.99,9.33333,1.11667.4,5872.0,114.0,1405.298517089106
0.02,0.99,9.33333,1.11667.5,5872.0,114.0,1405.298517089106
0.02,0.99,9.33333,1.11667.6,5872.0,114.0,1405.298517089106
0.02,0.99,9.33333,1.18333.1,3353.0,97.0,1369.861236289713
0.02,0.99,9.33333,1.18333.2,3353.0,97.0,1369.861236289713
0.02,0.99,9.33333,1.18333.3,3353.0,97.0,1369.861236289713
0.02,0.99,9.33333,1.25.1,2335.0,88.0,1341.679554978918
0.02,0.99,12.0,1.05,,629.0,1503.760418025066
0.02,0.99,12.0,1.11667,5902.0,114.0,1430.634897664173
0.02,0.99,12.0,1.18333,3371.0,97.0,1395.168327862139
0.02,0.99,12.0,1.25,2347.0,88.0,1366.945230233906
0.02,0.99,12.0,1.05.1,,629.0,1503.760418025066
0.02,0.99,12.0,1.05.2,,629.0,1503.760418025066
0.02,0.99,12.0,1.05.3,,629.0,1503.760418025066
0.02,0.99,12.0,1.05.4,,629.0,1503.760418025066
0.02,0.99,12.0,1.05.5,,629.0,1503.760418025066
0.02,0.99,12.0,1.05.6,,629.0,1503.760418025066
0.02,0.99,12.0,1.05.7,,629.0,1503.760418025066
0.02,0.99,12.0,1.11667.1,5902.0,114.0,1430.634897664173
0.02,0.99,12.0,1.11667.2,5902.0,114.0,1430.634897664173
0.02,0.99,12.0,1.11667.3,5902.0,114.0,1430.634897664173
0.02,0.99,12.0,1.18333.1,3371.0,97.0,1395.168327862139
0.02,0.99,12.0,1.18333.2,3371.0,97.0,1395.168327862139
0.02,0.99,12.0,1.18333.3,3371.0,97.0,1395.168327862139
0.02,0.99,12.0,1.18333.4,3371.0,97.0,1395.168327862139
0.02,0.99,12.0,1.25.1,2347.0,88.0,1366.945230233906
0.02,0.99,12.0,1.25.2,2347.0,88.0,1366.945230233906
0.02,0.99,12.0,1.25.3,2347.0,88.0,1366.945230233906
0.02,0.99,12.0,1.25.4,2347.0,88.0,1366.945230233906
0.02,0.99,12.0,1.25.5,2347.0,88.0,1366.945230233906
0.02,0.99,12.0,1.25.6,2347.0,88.0,1366.945230233906
0.08,0.1,4.0,1.05,,141.0,2284.598452327416
0.08,0.1,4.0,1.11667,5893.0,106.0,2240.2896266872276
0.08,0.1,4.0,1.18333,3543.0,93.0,2208.1930929225346
0.08,0.1,4.0,1.25,2532.0,85.0,2181.9635712413883
0.08,0.1,4.0,1.05.1,,141.0,2284.598452327416
0.08,0.1,4.0,1.05.2,,141.0,2284.598452327416
0.08,0.1,4.0,1.05.3,,141.0,2284.598452327416
0.08,0.1,4.0,1.05.4,,141.0,2284.598452327416
0.08,0.1,4.0,1.05.5,,141.0,2284.598452327416
0.08,0.1,4.0,1.05.6,,141.0,2284.598452327416
0.08,0.1,4.0,1.11667.1,5893.0,106.0,2240.2896266872276
0.08,0.1,4.0,1.11667.2,5893.0,106.0,2240.2896266872276
0.08,0.1,4.0,1.11667.3,5893.0,106.0,2240.2896266872276
0.08,0.1,4.0,1.18333.1,3543.0,93.0,2208.1930929225346
0.08,0.1,4.0,1.18333.2,3543.0,93.0,2208.1930929225346
0.08,0.1,4.0,1.18333.3,3543.0,93.0,2208.1930929225346
0.08,0.1,4.0,1.18333.4,3543.0,93.0,2208.1930929225346
0.08,0.1,4.0,1.18333.5,3543.0,93.0,2208.1930929225346
0.08,0.1,4.0,1.18333.6,3543.0,93.0,2208.1930929225346
0.08,0.1,4.0,1.18333.7,3543.0,93.0,2208.1930929225346
0.08,0.1,4.0,1.25.1,2532.0,85.0,2181.9635712413883
0.08,0.1,4.0,1.25.2,2532.0,85.0,2181.9635712413883
0.08,0.1,4.0,1.25.3,2532.0,85.0,2181.9635712413883
0.08,0.1,4.0,1.25.4,2532.0,85.0,2181.9635712413883
0.08,0.1,6.66667,1.05,,141.0,2837.6272007331536
0.08,0.1,6.66667,1.11667,6483.0,106.0,2793.3170513089076
0.08,0.1,6.66667,1.18333,3899.0,93.0,2761.2187265478524
0.08,0.1,6.66667,1.25,2787.0,85.0,2734.9844314081515
0.08,0.1,6.66667,1.05.1,,141.0,2837.6272007331536
0.08,0.1,6.66667,1.05.2,,141.0,2837.6272007331536
0.08,0.1,6.66667,1.05.3,,141.0,2837.6272007331536
0.08,0.1,6.66667,1.05.4,,141.0,2837.6272007331536
0.08,0.1,6.66667,1.05.5,,141.0,2837.6272007331536
0.08,0.1,6.66667,1.11667.1,6483.0,106.0,2793.3170513089076
0.08,0.1,6.66667,1.11667.2,6483.0,106.0,2793.3170513089076
0.08,0.1,6.66667,1.11667.3,6483.0,106.0,2793.3170513089076
0.08,0.1,6.66667,1.11667.4,6483.0,106.0,2793.3170513089076
0.08,0.1,6.66667,1.11667.5,6483.0,106.0,2793.3170513089076
0.08,0.1,6.66667,1.18333.1,3899.0,93.0,2761.2187265478524
0.08,0.1,6.66667,1.18333.2,3899.0,93.0,2761.2187265478524
0.08,0.1,6.66667,1.18333.3,3899.0,93.0,2761.2187265478524
0.08,0.1,6.66667,1.18333.4,3899.0,93.0,2761.2187265478524
0.08,0.1,6.66667,1.25.1,2787.0,85.0,2734.9844314081515
0.08,0.1,6.66667,1.25.2,2787.0,85.0,2734.9844314081515
0.08,0.1,9.33333,1.05,,141.0,3390.6340530854645
0.08,0.1,9.33333,1.11667,7074.0,106.0,3346.2928836280507
0.08,0.1,9.33333,1.18333,4254.0,94.0,3314.097473580337
0.08,0.1,9.33333,1.25,3041.0,86.0,3287.7158689076
0.08,0.1,9.33333,1.05.1,,141.0,3390.6340530854645
0.08,0.1,9.33333,1.05.2,,141.0,3390.6340530854645
0.08,0.1,9.33333,1.05.3,,141.0,3390.6340530854645
0.08,0.1,9.33333,1.05.4,,141.0,3390.6340530854645
0.08,0.1,9.33333,1.05.5,,141.0,3390.6340530854645
0.08,0.1,9.33333,1.11667.1,7074.0,106.0,3346.2928836280507
0.08,0.1,9.33333,1.11667.2,7074.0,106.0,3346.2928836280507
0.08,0.1,9.33333,1.11667.3,7074.0,106.0,3346.2928836280507
0.08,0.1,9.33333,1.18333.1,4254.0,94.0,3314.097473580337
0.08,0.1,9.33333,1.18333.2,4254.0,94.0,3314.097473580337
0.08,0.1,9.33333,1.18333.3,4254.0,94.0,3314.097473580337
0.08,0.1,9.33333,1.18333.4,4254.0,94.0,3314.097473580337
0.08,0.1,9.33333,1.18333.5,4254.0,94.0,3314.097473580337
0.08,0.1,9.33333,1.25.1,3041.0,86.0,3287.7158689076
0.08,0.1,9.33333,1.25.2,3041.0,86.0,3287.7158689076
0.08,0.1,9.33333,1.25.3,3041.0,86.0,3287.7158689076
0.08,0.1,12.0,1.05,,141.0,3943.59826876285
0.08,0.1,12.0,1.11667,7665.0,107.0,3898.852967020178
0.08,0.1,12.0,1.18333,4609.0,95.0,3865.921220435445
0.08,0.1,12.0,1.25,3295.0,88.0,3838.5457927719685
0.08,0.1,12.0,1.05.1,,141.0,3943.59826876285
0.08,0.1,12.0,1.05.2,,141.0,3943.59826876285
0.08,0.1,12.0,1.05.3,,141.0,3943.59826876285
0.08,0.1,12.0,1.11667.1,7665.0,107.0,3898.852967020178
0.08,0.1,12.0,1.11667.2,7665.0,107.0,3898.852967020178
0.08,0.1,12.0,1.11667.3,7665.0,107.0,3898.852967020178
0.08,0.1,12.0,1.11667.4,7665.0,107.0,3898.852967020178
0.08,0.1,12.0,1.11667.5,7665.0,107.0,3898.852967020178
0.08,0.1,12.0,1.11667.6,7665.0,107.0,3898.852967020178
0.08,0.1,12.0,1.11667.7,7665.0,107.0,3898.852967020178
0.08,0.1,12.0,1.18333.1,4609.0,95.0,3865.921220435445
0.08,0.1,12.0,1.18333.2,4609.0,95.0,3865.921220435445
0.08,0.1,12.0,1.18333.3,4609.0,95.0,3865.921220435445
0.08,0.1,12.0,1.25.1,3295.0,88.0,3838.5457927719685
0.08,0.1,12.0,1.25.2,3295.0,88.0,3838.5457927719685
0.08,0.1,12.0,1.25.3,3295.0,88.0,3838.5457927719685
0.08,0.1,12.0,1.25.4,3295.0,88.0,3838.5457927719685
0.08,0.1,12.0,1.25.5,3295.0,88.0,3838.5457927719685
0.08,0.39667,4.0,1.05,,138.0,1940.378306937319
0.08,0.39667,4.0,1.11667,5413.0,105.0,1896.752760248577
0.08,0.39667,4.0,1.18333,3280.0,93.0,1864.921109176246
0.08,0.39667,4.0,1.25,2353.0,85.0,1838.855614601626
0.08,0.39667,4.0,1.05.1,,138.0,1940.378306937319
0.08,0.39667,4.0,1.05.2,,138.0,1940.378306937319
0.08,0.39667,4.0,1.05.3,,138.0,1940.378306937319
0.08,0.39667,4.0,1.05.4,,138.0,1940.378306937319
0.08,0.39667,4.0,1.05.5,,138.0,1940.378306937319
0.08,0.39667,4.0,1.11667.1,5413.0,105.0,1896.752760248577
0.08,0.39667,4.0,1.11667.2,5413.0,105.0,1896.752760248577
0.08,0.39667,4.0,1.11667.3,5413.0,105.0,1896.752760248577
0.08,0.39667,4.0,1.18333.1,3280.0,93.0,1864.921109176246
0.08,0.39667,4.0,1.18333.2,3280.0,93.0,1864.921109176246
0.08,0.39667,4.0,1.25.1,2353.0,85.0,1838.855614601626
0.08,0.39667,4.0,1.25.2,2353.0,85.0,1838.855614601626
0.08,0.39667,4.0,1.25.3,2353.0,85.0,1838.855614601626
0.08,0.39667,4.0,1.25.4,2353.0,85.0,1838.855614601626
0.08,0.39667,6.66667,1.05,,138.0,2311.1079101125342
0.08,0.39667,6.66667,1.11667,5800.0,105.0,2267.4821243122624
0.08,0.39667,6.66667,1.18333,3516.0,93.0,2235.649255043757
0.08,0.39667,6.66667,1.25,2522.0,85.0,2209.5804072820274
0.08,0.39667,6.66667,1.05.1,,138.0,2311.1079101125342
0.08,0.39667,6.66667,1.05.2,,138.0,2311.1079101125342
0.08,0.39667,6.66667,1.05.3,,138.0,2311.1079101125342
0.08,0.39667,6.66667,1.05.4,,138.0,2311.1079101125342
0.08,0.39667,6.66667,1.05.5,,138.0,2311.1079101125342
0.08,0.39667,6.66667,1.05.6,,138.0,2311.1079101125342
0.08,0.39667,6.66667,1.05.7,,138.0,2311.1079101125342
0.08,0.39667,6.66667,1.11667.1,5800.0,105.0,2267.4821243122624
0.08,0.39667,6.66667,1.18333.1,3516.0,93.0,2235.649255043757
0.08,0.39667,6.66667,1.18333.2,3516.0,93.0,2235.649255043757
0.08,0.39667,6.66667,1.18333.3,3516.0,93.0,2235.649255043757
0.08,0.39667,6.66667,1.18333.4,3516.0,93.0,2235.649255043757
0.08,0.39667,6.66667,1.18333.5,3516.0,93.0,2235.649255043757
0.08,0.39667,6.66667,1.18333.6,3516.0,93.0,2235.649255043757
0.08,0.39667,6.66667,1.18333.7,3516.0,93.0,2235.649255043757
0.08,0.39667,6.66667,1.25.1,2522.0,85.0,2209.5804072820274
0.08,0.39667,6.66667,1.25.2,2522.0,85.0,2209.5804072820274
0.08,0.39667,9.33333,1.05,,138.0,2681.8243323510974
0.08,0.39667,9.33333,1.11667,6187.0,106.0,2638.174226230136
0.08,0.39667,9.33333,1.18333,3751.0,93.0,2606.2752210204453
0.08,0.39667,9.33333,1.25,2691.0,85.0,2580.0853111435517
0.08,0.39667,9.33333,1.05.1,,138.0,2681.8243323510974
0.08,0.39667,9.33333,1.05.2,,138.0,2681.8243323510974
0.08,0.39667,9.33333,1.05.3,,138.0,2681.8243323510974
0.08,0.39667,9.33333,1.05.4,,138.0,2681.8243323510974
0.08,0.39667,9.33333,1.11667.1,6187.0,106.0,2638.174226230136
0.08,0.39667,9.33333,1.11667.2,6187.0,106.0,2638.174226230136
0.08,0.39667,9.33333,1.11667.3,6187.0,106.0,2638.174226230136
0.08,0.39667,9.33333,1.25.1,2691.0,85.0,2580.0853111435517
0.08,0.39667,9.33333,1.25.2,2691.0,85.0,2580.0853111435517
0.08,0.39667,9.33333,1.25.3,2691.0,85.0,2580.0853111435517
0.08,0.39667,9.33333,1.25.4,2691.0,85.0,2580.0853111435517
0.08,0.39667,9.33333,1.25.5,2691.0,85.0,2580.0853111435517
0.08,0.39667,12.0,1.05,,138.0,3052.5074303674614
0.08,0.39667,12.0,1.11667,6575.0,106.0,3008.5691371908147
0.08,0.39667,12.0,1.18333,3987.0,94.0,2976.133207020289
0.08,0.39667,12.0,1.25,2860.0,87.0,2949.246797414299
0.08,0.39667,12.0,1.05.1,,138.0,3052.5074303674614
0.08,0.39667,12.0,1.05.2,,138.0,3052.5074303674614
0.08,0.39667,12.0,1.05.3,,138.0,3052.5074303674614
0.08,0.39667,12.0,1.05.4,,138.0,3052.5074303674614
0.08,0.39667,12.0,1.11667.1,6575.0,106.0,3008.5691371908147
0.08,0.39667,12.0,1.11667.2,6575.0,106.0,3008.5691371908147
0.08,0.39667,12.0,1.11667.3,6575.0,106.0,3008.5691371908147
0.08,0.39667,12.0,1.11667.4,6575.0,106.0,3008.5691371908147
0.08,0.39667,12.0,1.11667.5,6575.0,106.0,3008.5691371908147
0.08,0.39667,12.0,1.11667.6,6575.0,106.0,3008.5691371908147
0.08,0.39667,12.0,1.18333.1,3987.0,94.0,2976.133207020289
0.08,0.39667,12.0,1.18333.2,3987.0,94.0,2976.133207020289
0.08,0.39667,12.0,1.18333.3,3987.0,94.0,2976.133207020289
0.08,0.39667,12.0,1.18333.4,3987.0,94.0,2976.133207020289
0.08,0.39667,12.0,1.25.1,2860.0,87.0,2949.246797414299
0.08,0.39667,12.0,1.25.2,2860.0,87.0,2949.246797414299
0.08,0.39667,12.0,1.25.3,2860.0,87.0,2949.246797414299
0.08,0.69333,4.0,1.05,,136.0,1573.041391930338
0.08,0.69333,4.0,1.11667,4928.0,105.0,1530.069964198994
0.08,0.69333,4.0,1.18333,3009.0,93.0,1498.484329847472
0.08,0.69333,4.0,1.25,2166.0,85.0,1472.582857812471
0.08,0.69333,4.0,1.05.1,,136.0,1573.041391930338
0.08,0.69333,4.0,1.05.2,,136.0,1573.041391930338
0.08,0.69333,4.0,1.05.3,,136.0,1573.041391930338
0.08,0.69333,4.0,1.05.4,,136.0,1573.041391930338
0.08,0.69333,4.0,1.05.5,,136.0,1573.041391930338
0.08,0.69333,4.0,1.05.6,,136.0,1573.041391930338
0.08,0.69333,4.0,1.05.7,,136.0,1573.041391930338
0.08,0.69333,4.0,1.05.8,,136.0,1573.041391930338
0.08,0.69333,4.0,1.05.9,,136.0,1573.041391930338
0.08,0.69333,4.0,1.11667.1,4928.0,105.0,1530.069964198994
0.08,0.69333,4.0,1.18333.1,3009.0,93.0,1498.484329847472
0.08,0.69333,4.0,1.18333.2,3009.0,93.0,1498.484329847472
0.08,0.69333,4.0,1.18333.3,3009.0,93.0,1498.484329847472
0.08,0.69333,4.0,1.18333.4,3009.0,93.0,1498.484329847472
0.08,0.69333,4.0,1.18333.5,3009.0,93.0,1498.484329847472
0.08,0.69333,4.0,1.18333.6,3009.0,93.0,1498.484329847472
0.08,0.69333,4.0,1.25.1,2166.0,85.0,1472.582857812471
0.08,0.69333,4.0,1.25.2,2166.0,85.0,1472.582857812471
0.08,0.69333,6.66667,1.05,,136.0,1761.479640887829
0.08,0.69333,6.66667,1.11667,5121.0,105.0,1718.508084114263
0.08,0.69333,6.66667,1.18333,3128.0,93.0,1686.921773753526
0.08,0.69333,6.66667,1.25,2252.0,85.0,1661.018444285994
0.08,0.69333,6.66667,1.05.1,,136.0,1761.479640887829
0.08,0.69333,6.66667,1.05.2,,136.0,1761.479640887829
0.08,0.69333,6.66667,1.11667.1,5121.0,105.0,1718.508084114263
0.08,0.69333,6.66667,1.11667.2,5121.0,105.0,1718.508084114263
0.08,0.69333,6.66667,1.11667.3,5121.0,105.0,1718.508084114263
0.08,0.69333,6.66667,1.11667.4,5121.0,105.0,1718.508084114263
0.08,0.69333,6.66667,1.11667.5,5121.0,105.0,1718.508084114263
0.08,0.69333,6.66667,1.11667.6,5121.0,105.0,1718.508084114263
0.08,0.69333,6.66667,1.11667.7,5121.0,105.0,1718.508084114263
0.08,0.69333,6.66667,1.11667.8,5121.0,105.0,1718.508084114263
0.08,0.69333,6.66667,1.18333.1,3128.0,93.0,1686.921773753526
0.08,0.69333,6.66667,1.18333.2,3128.0,93.0,1686.921773753526
0.08,0.69333,6.66667,1.18333.3,3128.0,93.0,1686.921773753526
0.08,0.69333,6.66667,1.18333.4,3128.0,93.0,1686.921773753526
0.08,0.69333,6.66667,1.25.1,2252.0,85.0,1661.018444285994
0.08,0.69333,6.66667,1.25.2,2252.0,85.0,1661.018444285994
0.08,0.69333,6.66667,1.25.3,2252.0,85.0,1661.018444285994
0.08,0.69333,6.66667,1.25.4,2252.0,85.0,1661.018444285994
0.08,0.69333,6.66667,1.25.5,2252.0,85.0,1661.018444285994
0.08,0.69333,6.66667,1.25.6,2252.0,85.0,1661.018444285994
0.08,0.69333,6.66667,1.25.7,2252.0,85.0,1661.018444285994
0.08,0.69333,6.66667,1.25.8,2252.0,85.0,1661.018444285994
0.08,0.69333,9.33333,1.05,,136.0,1949.911001558188
0.08,0.69333,9.33333,1.11667,5314.0,105.0,1906.926372169888
0.08,0.69333,9.33333,1.18333,3246.0,93.0,1875.30486838109
0.08,0.69333,9.33333,1.05.1,,136.0,1949.911001558188
0.08,0.69333,9.33333,1.05.2,,136.0,1949.911001558188
0.08,0.69333,9.33333,1.05.3,,136.0,1949.911001558188
0.08,0.69333,9.33333,1.05.4,,136.0,1949.911001558188
0.08,0.69333,9.33333,1.05.5,,136.0,1949.911001558188
0.08,0.69333,9.33333,1.05.6,,136.0,1949.911001558188
0.08,0.69333,9.33333,1.18333.1,3246.0,93.0,1875.30486838109
0.08,0.69333,9.33333,1.18333.2,3246.0,93.0,1875.30486838109
0.08,0.69333,9.33333,1.18333.3,3246.0,93.0,1875.30486838109
0.08,0.69333,9.33333,1.18333.4,3246.0,93.0,1875.30486838109
0.08,0.69333,12.0,1.05,,136.0,2138.323532608177
0.08,0.69333,12.0,1.11667,5506.0,105.0,2095.1732334930084
0.08,0.69333,12.0,1.18333,3364.0,93.0,2063.2555269129975
0.08,0.69333,12.0,1.25,2422.0,86.0,2036.8943307408824
0.08,0.69333,12.0,1.05.1,,136.0,2138.323532608177
0.08,0.69333,12.0,1.11667.1,5506.0,105.0,2095.1732334930084
0.08,0.69333,12.0,1.11667.2,5506.0,105.0,2095.1732334930084
0.08,0.69333,12.0,1.11667.3,5506.0,105.0,2095.1732334930084
0.08,0.69333,12.0,1.11667.4,5506.0,105.0,2095.1732334930084
0.08,0.69333,12.0,1.11667.5,5506.0,105.0,2095.1732334930084
0.08,0.69333,12.0,1.11667.6,5506.0,105.0,2095.1732334930084
0.08,0.69333,12.0,1.18333.1,3364.0,93.0,2063.2555269129975
0.08,0.69333,12.0,1.18333.2,3364.0,93.0,2063.2555269129975
0.08,0.69333,12.0,1.18333.3,3364.0,93.0,2063.2555269129975
0.08,0.69333,12.0,1.25.1,2422.0,86.0,2036.8943307408824
0.08,0.69333,12.0,1.25.2,2422.0,86.0,2036.8943307408824
0.08,0.69333,12.0,1.25.3,2422.0,86.0,2036.8943307408824
0.08,0.69333,12.0,1.25.4,2422.0,86.0,2036.8943307408824
0.08,0.69333,12.0,1.25.5,2422.0,86.0,2036.8943307408824
0.08,0.69333,12.0,1.25.6,2422.0,86.0,2036.8943307408824
0.08,0.69333,12.0,1.25.7,2422.0,86.0,2036.8943307408824
0.08,0.99,4.0,1.05,,134.0,1130.018709463556
0.08,0.99,4.0,1.11667,4386.0,104.0,1087.662898566099
0.08,0.99,4.0,1.18333,2697.0,92.0,1056.326650049921
0.08,0.99,4.0,1.25,1949.0,85.0,1030.579855275193
0.08,0.99,4.0,1.05.1,,134.0,1130.018709463556
0.08,0.99,4.0,1.05.2,,134.0,1130.018709463556
0.08,0.99,4.0,1.05.3,,134.0,1130.018709463556
0.08,0.99,4.0,1.11667.1,4386.0,104.0,1087.662898566099
0.08,0.99,4.0,1.11667.2,4386.0,104.0,1087.662898566099
0.08,0.99,4.0,1.11667.3,4386.0,104.0,1087.662898566099
0.08,0.99,4.0,1.11667.4,4386.0,104.0,1087.662898566099
0.08,0.99,4.0,1.11667.5,4386.0,104.0,1087.662898566099
0.08,0.99,4.0,1.18333.1,2697.0,92.0,1056.326650049921
0.08,0.99,4.0,1.25.1,1949.0,85.0,1030.579855275193
0.08,0.99,4.0,1.25.2,1949.0,85.0,1030.579855275193
0.08,0.99,4.0,1.25.3,1949.0,85.0,1030.579855275193
0.08,0.99,4.0,1.25.4,1949.0,85.0,1030.579855275193
0.08,0.99,4.0,1.25.5,1949.0,85.0,1030.579855275193
0.08,0.99,4.0,1.25.6,1949.0,85.0,1030.579855275193
0.08,0.99,6.66667,1.05,,134.0,1136.163137821685
0.08,0.99,6.66667,1.11667,4392.0,104.0,1093.807325385596
0.08,0.99,6.66667,1.18333,2701.0,92.0,1062.471038296005
0.08,0.99,6.66667,1.25,1951.0,85.0,1036.724165609112
0.08,0.99,6.66667,1.05.1,,134.0,1136.163137821685
0.08,0.99,6.66667,1.05.2,,134.0,1136.163137821685
0.08,0.99,6.66667,1.05.3,,134.0,1136.163137821685
0.08,0.99,6.66667,1.05.4,,134.0,1136.163137821685
0.08,0.99,6.66667,1.11667.1,4392.0,104.0,1093.807325385596
0.08,0.99,6.66667,1.11667.2,4392.0,104.0,1093.807325385596
0.08,0.99,6.66667,1.11667.3,4392.0,104.0,1093.807325385596
0.08,0.99,6.66667,1.11667.4,4392.0,104.0,1093.807325385596
0.08,0.99,6.66667,1.11667.5,4392.0,104.0,1093.807325385596
0.08,0.99,6.66667,1.11667.6,4392.0,104.0,1093.807325385596
0.08,0.99,6.66667,1.18333.1,2701.0,92.0,1062.471038296005
0.08,0.99,6.66667,1.18333.2,2701.0,92.0,1062.471038296005
0.08,0.99,6.66667,1.18333.3,2701.0,92.0,1062.471038296005
0.08,0.99,6.66667,1.25.1,1951.0,85.0,1036.724165609112
0.08,0.99,6.66667,1.25.2,1951.0,85.0,1036.724165609112
0.08,0.99,6.66667,1.25.3,1951.0,85.0,1036.724165609112
0.08,0.99,6.66667,1.25.4,1951.0,85.0,1036.724165609112
0.08,0.99,9.33333,1.05,,134.0,1142.307386388806
0.08,0.99,9.33333,1.11667,4398.0,104.0,1099.951025963667
0.08,0.99,9.33333,1.18333,2705.0,92.0,1068.613251888044
0.08,0.99,9.33333,1.25,1954.0,85.0,1042.864117752944
0.08,0.99,9.33333,1.05.1,,134.0,1142.307386388806
0.08,0.99,9.33333,1.05.2,,134.0,1142.307386388806
0.08,0.99,9.33333,1.05.3,,134.0,1142.307386388806
0.08,0.99,9.33333,1.11667.1,4398.0,104.0,1099.951025963667
0.08,0.99,9.33333,1.11667.2,4398.0,104.0,1099.951025963667
0.08,0.99,9.33333,1.11667.3,4398.0,104.0,1099.951025963667
0.08,0.99,9.33333,1.11667.4,4398.0,104.0,1099.951025963667
0.08,0.99,9.33333,1.18333.1,2705.0,92.0,1068.613251888044
0.08,0.99,9.33333,1.18333.2,2705.0,92.0,1068.613251888044
0.08,0.99,9.33333,1.25.1,1954.0,85.0,1042.864117752944
0.08,0.99,9.33333,1.25.2,1954.0,85.0,1042.864117752944
0.08,0.99,9.33333,1.25.3,1954.0,85.0,1042.864117752944
0.08,0.99,9.33333,1.25.4,1954.0,85.0,1042.864117752944
0.08,0.99,9.33333,1.25.5,1954.0,85.0,1042.864117752944
0.08,0.99,9.33333,1.25.6,1954.0,85.0,1042.864117752944
0.08,0.99,9.33333,1.25.7,1954.0,85.0,1042.864117752944
0.08,0.99,12.0,1.05,,134.0,1148.450883012891
0.08,0.99,12.0,1.11667,4404.0,104.0,1106.088008657287
0.08,0.99,12.0,1.18333,2709.0,92.0,1074.738503714064
0.08,0.99,12.0,1.25,1957.0,85.0,1048.975101005219
0.08,0.99,12.0,1.05.1,,134.0,1148.450883012891
0.08,0.99,12.0,1.05.2,,134.0,1148.450883012891
0.08,0.99,12.0,1.05.3,,134.0,1148.450883012891
0.08,0.99,12.0,1.11667.1,4404.0,104.0,1106.088008657287
0.08,0.99,12.0,1.11667.2,4404.0,104.0,1106.088008657287
0.08,0.99,12.0,1.11667.3,4404.0,104.0,1106.088008657287
0.08,0.99,12.0,1.11667.4,4404.0,104.0,1106.088008657287
0.08,0.99,12.0,1.11667.5,4404.0,104.0,1106.088008657287
0.08,0.99,12.0,1.11667.6,4404.0,104.0,1106.088008657287
0.08,0.99,12.0,1.11667.7,4404.0,104.0,1106.088008657287
0.08,0.99,12.0,1.18333.1,2709.0,92.0,1074.738503714064
0.08,0.99,12.0,1.18333.2,2709.0,92.0,1074.738503714064
0.08,0.99,12.0,1.25.1,1957.0,85.0,1048.975101005219
0.08,0.99,12.0,1.25.2,1957.0,85.0,1048.975101005219
0.08,0.99,12.0,1.25.3,1957.0,85.0,1048.975101005219
0.08,0.99,12.0,1.25.4,1957.0,85.0,1048.975101005219
0.14,0.1,4.0,1.05,,133.0,1810.038244504473
0.14,0.1,4.0,1.11667,5087.0,104.0,1767.909085024334
0.14,0.1,4.0,1.18333,3121.0,92.0,1736.665751562664
0.14,0.1,4.0,1.25,2253.0,85.0,1710.973157922651
0.14,0.1,4.0,1.05.1,,133.0,1810.038244504473
0.14,0.1,4.0,1.05.2,,133.0,1810.038244504473
0.14,0.1,4.0,1.11667.1,5087.0,104.0,1767.909085024334
0.14,0.1,4.0,1.11667.2,5087.0,104.0,1767.909085024334
0.14,0.1,4.0,1.11667.3,5087.0,104.0,1767.909085024334
0.14,0.1,4.0,1.11667.4,5087.0,104.0,1767.909085024334
0.14,0.1,4.0,1.11667.5,5087.0,104.0,1767.909085024334
0.14,0.1,4.0,1.18333.1,3121.0,92.0,1736.665751562664
0.14,0.1,4.0,1.18333.10,3121.0,92.0,1736.665751562664
0.14,0.1,4.0,1.18333.2,3121.0,92.0,1736.665751562664
0.14,0.1,4.0,1.18333.3,3121.0,92.0,1736.665751562664
0.14,0.1,4.0,1.18333.4,3121.0,92.0,1736.665751562664
0.14,0.1,4.0,1.18333.5,3121.0,92.0,1736.665751562664
0.14,0.1,4.0,1.18333.6,3121.0,92.0,1736.665751562664
0.14,0.1,4.0,1.18333.7,3121.0,92.0,1736.665751562664
0.14,0.1,4.0,1.18333.8,3121.0,92.0,1736.665751562664
0.14,0.1,4.0,1.18333.9,3121.0,92.0,1736.665751562664
0.14,0.1,4.0,1.25.1,2253.0,85.0,1710.973157922651
0.14,0.1,4.0,1.25.2,2253.0,85.0,1710.973157922651
0.14,0.1,6.66667,1.05,,133.0,2116.17075745584
0.14,0.1,6.66667,1.11667,5397.0,104.0,2074.0413037142434
0.14,0.1,6.66667,1.18333,3312.0,92.0,2042.7964592539583
0.14,0.1,6.66667,1.25,2390.0,85.0,2017.100532055666
0.14,0.1,6.66667,1.05.1,,133.0,2116.17075745584
0.14,0.1,6.66667,1.05.2,,133.0,2116.17075745584
0.14,0.1,6.66667,1.05.3,,133.0,2116.17075745584
0.14,0.1,6.66667,1.05.4,,133.0,2116.17075745584
0.14,0.1,6.66667,1.05.5,,133.0,2116.17075745584
0.14,0.1,6.66667,1.05.6,,133.0,2116.17075745584
0.14,0.1,6.66667,1.05.7,,133.0,2116.17075745584
0.14,0.1,6.66667,1.11667.1,5397.0,104.0,2074.0413037142434
0.14,0.1,6.66667,1.11667.2,5397.0,104.0,2074.0413037142434
0.14,0.1,6.66667,1.18333.1,3312.0,92.0,2042.7964592539583
0.14,0.1,6.66667,1.18333.2,3312.0,92.0,2042.7964592539583
0.14,0.1,6.66667,1.18333.3,3312.0,92.0,2042.7964592539583
0.14,0.1,6.66667,1.18333.4,3312.0,92.0,2042.7964592539583
0.14,0.1,6.66667,1.18333.5,3312.0,92.0,2042.7964592539583
0.14,0.1,6.66667,1.18333.6,3312.0,92.0,2042.7964592539583
0.14,0.1,6.66667,1.18333.7,3312.0,92.0,2042.7964592539583
0.14,0.1,6.66667,1.25.1,2390.0,85.0,2017.100532055666
0.14,0.1,6.66667,1.25.2,2390.0,85.0,2017.100532055666
0.14,0.1,9.33333,1.05,,133.0,2422.2917148405977
0.14,0.1,9.33333,1.11667,5708.0,104.0,2380.1355484155556
0.14,0.1,9.33333,1.18333,3503.0,92.0,2348.8187905077802
0.14,0.1,9.33333,1.25,2528.0,85.0,2323.012930287232
0.14,0.1,9.33333,1.05.1,,133.0,2422.2917148405977
0.14,0.1,9.33333,1.05.2,,133.0,2422.2917148405977
0.14,0.1,9.33333,1.11667.1,5708.0,104.0,2380.1355484155556
0.14,0.1,9.33333,1.11667.2,5708.0,104.0,2380.1355484155556
0.14,0.1,9.33333,1.11667.3,5708.0,104.0,2380.1355484155556
0.14,0.1,9.33333,1.18333.1,3503.0,92.0,2348.8187905077802
0.14,0.1,9.33333,1.18333.2,3503.0,92.0,2348.8187905077802
0.14,0.1,9.33333,1.18333.3,3503.0,92.0,2348.8187905077802
0.14,0.1,9.33333,1.18333.4,3503.0,92.0,2348.8187905077802
0.14,0.1,9.33333,1.18333.5,3503.0,92.0,2348.8187905077802
0.14,0.1,12.0,1.05,,133.0,2728.373037685336
0.14,0.1,12.0,1.11667,6018.0,105.0,2685.9172511695288
0.14,0.1,12.0,1.18333,3693.0,93.0,2654.076449846621
0.14,0.1,12.0,1.25,2665.0,86.0,2627.5846436640436
0.14,0.1,12.0,1.05.1,,133.0,2728.373037685336
0.14,0.1,12.0,1.05.2,,133.0,2728.373037685336
0.14,0.1,12.0,1.11667.1,6018.0,105.0,2685.9172511695288
0.14,0.1,12.0,1.11667.2,6018.0,105.0,2685.9172511695288
0.14,0.1,12.0,1.11667.3,6018.0,105.0,2685.9172511695288
0.14,0.1,12.0,1.11667.4,6018.0,105.0,2685.9172511695288
0.14,0.1,12.0,1.11667.5,6018.0,105.0,2685.9172511695288
0.14,0.1,12.0,1.18333.1,3693.0,93.0,2654.076449846621
0.14,0.1,12.0,1.18333.2,3693.0,93.0,2654.076449846621
0.14,0.1,12.0,1.25.1,2665.0,86.0,2627.5846436640436
0.14,0.1,12.0,1.25.2,2665.0,86.0,2627.5846436640436
0.14,0.1,12.0,1.25.3,2665.0,86.0,2627.5846436640436
0.14,0.1,12.0,1.25.4,2665.0,86.0,2627.5846436640436
0.14,0.1,12.0,1.25.5,2665.0,86.0,2627.5846436640436
0.14,0.39667,4.0,1.05,,132.0,1606.935339376753
0.14,0.39667,4.0,1.11667,4828.0,104.0,1565.128937908085
0.14,0.39667,4.0,1.18333,2975.0,92.0,1534.021796865272
0.14,0.39667,4.0,1.25,2151.0,85.0,1508.408653681191
0.14,0.39667,4.0,1.05.1,,132.0,1606.935339376753
0.14,0.39667,4.0,1.05.2,,132.0,1606.935339376753
0.14,0.39667,4.0,1.05.3,,132.0,1606.935339376753
0.14,0.39667,4.0,1.05.4,,132.0,1606.935339376753
0.14,0.39667,4.0,1.11667.1,4828.0,104.0,1565.128937908085
0.14,0.39667,4.0,1.11667.2,4828.0,104.0,1565.128937908085
0.14,0.39667,4.0,1.11667.3,4828.0,104.0,1565.128937908085
0.14,0.39667,4.0,1.11667.4,4828.0,104.0,1565.128937908085
0.14,0.39667,4.0,1.18333.1,2975.0,92.0,1534.021796865272
0.14,0.39667,4.0,1.18333.2,2975.0,92.0,1534.021796865272
0.14,0.39667,4.0,1.18333.3,2975.0,92.0,1534.021796865272
0.14,0.39667,4.0,1.25.1,2151.0,85.0,1508.408653681191
0.14,0.39667,4.0,1.25.2,2151.0,85.0,1508.408653681191
0.14,0.39667,4.0,1.25.3,2151.0,85.0,1508.408653681191
0.14,0.39667,6.66667,1.05,,132.0,1812.154358238075
0.14,0.39667,6.66667,1.11667,5034.0,104.0,1770.347745099639
0.14,0.39667,6.66667,1.18333,3102.0,92.0,1739.23950727379
0.14,0.39667,6.66667,1.25,2243.0,85.0,1713.623946631657
0.14,0.39667,6.66667,1.05.1,,132.0,1812.154358238075
0.14,0.39667,6.66667,1.05.2,,132.0,1812.154358238075
0.14,0.39667,6.66667,1.05.3,,132.0,1812.154358238075
0.14,0.39667,6.66667,1.05.4,,132.0,1812.154358238075
0.14,0.39667,6.66667,1.11667.1,5034.0,104.0,1770.347745099639
0.14,0.39667,6.66667,1.11667.2,5034.0,104.0,1770.347745099639
0.14,0.39667,6.66667,1.11667.3,5034.0,104.0,1770.347745099639
0.14,0.39667,6.66667,1.11667.4,5034.0,104.0,1770.347745099639
0.14,0.39667,6.66667,1.18333.1,3102.0,92.0,1739.23950727379
0.14,0.39667,6.66667,1.18333.2,3102.0,92.0,1739.23950727379
0.14,0.39667,6.66667,1.18333.3,3102.0,92.0,1739.23950727379
0.14,0.39667,6.66667,1.18333.4,3102.0,92.0,1739.23950727379
0.14,0.39667,6.66667,1.18333.5,3102.0,92.0,1739.23950727379
0.14,0.39667,6.66667,1.25.1,2243.0,85.0,1713.623946631657
0.14,0.39667,6.66667,1.25.2,2243.0,85.0,1713.623946631657
0.14,0.39667,6.66667,1.25.3,2243.0,85.0,1713.623946631657
0.14,0.39667,6.66667,1.25.4,2243.0,85.0,1713.623946631657
0.14,0.39667,6.66667,1.25.5,2243.0,85.0,1713.623946631657
0.14,0.39667,6.66667,1.25.6,2243.0,85.0,1713.623946631657
0.14,0.39667,6.66667,1.25.7,2243.0,85.0,1713.623946631657
0.14,0.39667,9.33333,1.05,,132.0,2017.3658216585654
0.14,0.39667,9.33333,1.11667,5239.0,104.0,1975.540523328233
0.14,0.39667,9.33333,1.18333,3229.0,92.0,1944.381336840124
0.14,0.39667,9.33333,1.25,2335.0,85.0,1918.68790782009
0.14,0.39667,9.33333,1.05.1,,132.0,2017.3658216585654
0.14,0.39667,9.33333,1.05.2,,132.0,2017.3658216585654
0.14,0.39667,9.33333,1.05.3,,132.0,2017.3658216585654
0.14,0.39667,9.33333,1.05.4,,132.0,2017.3658216585654
0.14,0.39667,9.33333,1.11667.1,5239.0,104.0,1975.540523328233
0.14,0.39667,9.33333,1.11667.2,5239.0,104.0,1975.540523328233
0.14,0.39667,9.33333,1.11667.3,5239.0,104.0,1975.540523328233
0.14,0.39667,9.33333,1.11667.4,5239.0,104.0,1975.540523328233
0.14,0.39667,9.33333,1.18333.1,3229.0,92.0,1944.381336840124
0.14,0.39667,9.33333,1.18333.2,3229.0,92.0,1944.381336840124
0.14,0.39667,9.33333,1.18333.3,3229.0,92.0,1944.381336840124
0.14,0.39667,9.33333,1.18333.4,3229.0,92.0,1944.381336840124
0.14,0.39667,9.33333,1.18333.5,3229.0,92.0,1944.381336840124
0.14,0.39667,9.33333,1.25.1,2335.0,85.0,1918.68790782009
0.14,0.39667,9.33333,1.25.2,2335.0,85.0,1918.68790782009
0.14,0.39667,9.33333,1.25.3,2335.0,85.0,1918.68790782009
0.14,0.39667,9.33333,1.25.4,2335.0,85.0,1918.68790782009
0.14,0.39667,9.33333,1.25.5,2335.0,85.0,1918.68790782009
0.14,0.39667,9.33333,1.25.6,2335.0,85.0,1918.68790782009
0.14,0.39667,12.0,1.05,,132.0,2222.548073800378
0.14,0.39667,12.0,1.11667,5445.0,104.0,2180.5039554564332
0.14,0.39667,12.0,1.18333,3356.0,93.0,2148.973454344934
0.14,0.39667,12.0,1.25,2427.0,86.0,2122.784335235772
0.14,0.39667,12.0,1.05.1,,132.0,2222.548073800378
0.14,0.39667,12.0,1.05.2,,132.0,2222.548073800378
0.14,0.39667,12.0,1.05.3,,132.0,2222.548073800378
0.14,0.39667,12.0,1.05.4,,132.0,2222.548073800378
0.14,0.39667,12.0,1.05.5,,132.0,2222.548073800378
0.14,0.39667,12.0,1.05.6,,132.0,2222.548073800378
0.14,0.39667,12.0,1.11667.1,5445.0,104.0,2180.5039554564332
0.14,0.39667,12.0,1.11667.2,5445.0,104.0,2180.5039554564332
0.14,0.39667,12.0,1.11667.3,5445.0,104.0,2180.5039554564332
0.14,0.39667,12.0,1.11667.4,5445.0,104.0,2180.5039554564332
0.14,0.39667,12.0,1.11667.5,5445.0,104.0,2180.5039554564332
0.14,0.39667,12.0,1.11667.6,5445.0,104.0,2180.5039554564332
0.14,0.39667,12.0,1.11667.7,5445.0,104.0,2180.5039554564332
0.14,0.39667,12.0,1.18333.1,3356.0,93.0,2148.973454344934
0.14,0.39667,12.0,1.18333.2,3356.0,93.0,2148.973454344934
0.14,0.39667,12.0,1.25.1,2427.0,86.0,2122.784335235772
0.14,0.39667,12.0,1.25.2,2427.0,86.0,2122.784335235772
0.14,0.39667,12.0,1.25.3,2427.0,86.0,2122.784335235772
0.14,0.39667,12.0,1.25.4,2427.0,86.0,2122.784335235772
0.14,0.39667,12.0,1.25.5,2427.0,86.0,2122.784335235772
0.14,0.39667,12.0,1.25.6,2427.0,86.0,2122.784335235772
0.14,0.39667,12.0,1.25.7,2427.0,86.0,2122.784335235772
0.14,0.69333,4.0,1.05,,131.0,1381.152737479227
0.14,0.69333,4.0,1.11667,4552.0,104.0,1339.657515083375
0.14,0.69333,4.0,1.18333,2816.0,92.0,1308.686560643822
0.14,0.69333,4.0,1.25,2041.0,84.0,1283.155147242401
0.14,0.69333,4.0,1.05.1,,131.0,1381.152737479227
0.14,0.69333,4.0,1.05.2,,131.0,1381.152737479227
0.14,0.69333,4.0,1.05.3,,131.0,1381.152737479227
0.14,0.69333,4.0,1.11667.1,4552.0,104.0,1339.657515083375
0.14,0.69333,4.0,1.11667.2,4552.0,104.0,1339.657515083375
0.14,0.69333,4.0,1.18333.1,2816.0,92.0,1308.686560643822
0.14,0.69333,4.0,1.18333.2,2816.0,92.0,1308.686560643822
0.14,0.69333,4.0,1.18333.3,2816.0,92.0,1308.686560643822
0.14,0.69333,4.0,1.18333.4,2816.0,92.0,1308.686560643822
0.14,0.69333,4.0,1.18333.5,2816.0,92.0,1308.686560643822
0.14,0.69333,4.0,1.18333.6,2816.0,92.0,1308.686560643822
0.14,0.69333,4.0,1.25.1,2041.0,84.0,1283.155147242401
0.14,0.69333,4.0,1.25.2,2041.0,84.0,1283.155147242401
0.14,0.69333,4.0,1.25.3,2041.0,84.0,1283.155147242401
0.14,0.69333,4.0,1.25.4,2041.0,84.0,1283.155147242401
0.14,0.69333,4.0,1.25.5,2041.0,84.0,1283.155147242401
0.14,0.69333,6.66667,1.05,,131.0,1485.462366911119
0.14,0.69333,6.66667,1.11667,4656.0,104.0,1443.967022861752
0.14,0.69333,6.66667,1.18333,2880.0,92.0,1412.995425647242
0.14,0.69333,6.66667,1.25,2087.0,84.0,1387.462254452286
0.14,0.69333,6.66667,1.05.1,,131.0,1485.462366911119
0.14,0.69333,6.66667,1.05.2,,131.0,1485.462366911119
0.14,0.69333,6.66667,1.05.3,,131.0,1485.462366911119
0.14,0.69333,6.66667,1.05.4,,131.0,1485.462366911119
0.14,0.69333,6.66667,1.05.5,,131.0,1485.462366911119
0.14,0.69333,6.66667,1.11667.1,4656.0,104.0,1443.967022861752
0.14,0.69333,6.66667,1.11667.2,4656.0,104.0,1443.967022861752
0.14,0.69333,6.66667,1.11667.3,4656.0,104.0,1443.967022861752
0.14,0.69333,6.66667,1.18333.1,2880.0,92.0,1412.995425647242
0.14,0.69333,6.66667,1.18333.2,2880.0,92.0,1412.995425647242
0.14,0.69333,6.66667,1.18333.3,2880.0,92.0,1412.995425647242
0.14,0.69333,6.66667,1.18333.4,2880.0,92.0,1412.995425647242
0.14,0.69333,6.66667,1.18333.5,2880.0,92.0,1412.995425647242
0.14,0.69333,6.66667,1.25.1,2087.0,84.0,1387.462254452286
0.14,0.69333,6.66667,1.25.2,2087.0,84.0,1387.462254452286
0.14,0.69333,6.66667,1.25.3,2087.0,84.0,1387.462254452286
0.14,0.69333,6.66667,1.25.4,2087.0,84.0,1387.462254452286
0.14,0.69333,9.33333,1.05,,131.0,1589.768635916698
0.14,0.69333,9.33333,1.11667,4759.0,104.0,1548.262853776673
0.14,0.69333,9.33333,1.18333,2945.0,92.0,1517.262623655285
0.14,0.69333,9.33333,1.25,2134.0,85.0,1491.683747287516
0.14,0.69333,9.33333,1.05.1,,131.0,1589.768635916698
0.14,0.69333,9.33333,1.05.2,,131.0,1589.768635916698
0.14,0.69333,9.33333,1.11667.1,4759.0,104.0,1548.262853776673
0.14,0.69333,9.33333,1.18333.1,2945.0,92.0,1517.262623655285
0.14,0.69333,9.33333,1.18333.2,2945.0,92.0,1517.262623655285
0.14,0.69333,9.33333,1.25.1,2134.0,85.0,1491.683747287516
0.14,0.69333,9.33333,1.25.2,2134.0,85.0,1491.683747287516
0.14,0.69333,9.33333,1.25.3,2134.0,85.0,1491.683747287516
0.14,0.69333,9.33333,1.25.4,2134.0,85.0,1491.683747287516
0.14,0.69333,9.33333,1.25.5,2134.0,85.0,1491.683747287516
0.14,0.69333,9.33333,1.25.6,2134.0,85.0,1491.683747287516
0.14,0.69333,12.0,1.05,,131.0,1694.058098514576
0.14,0.69333,12.0,1.11667,4863.0,104.0,1652.433473865141
0.14,0.69333,12.0,1.18333,3009.0,92.0,1621.213798400935
0.14,0.69333,12.0,1.25,2180.0,85.0,1595.368442787823
0.14,0.69333,12.0,1.05.1,,131.0,1694.058098514576
0.14,0.69333,12.0,1.05.2,,131.0,1694.058098514576
0.14,0.69333,12.0,1.11667.1,4863.0,104.0,1652.433473865141
0.14,0.69333,12.0,1.18333.1,3009.0,92.0,1621.213798400935
0.14,0.69333,12.0,1.18333.2,3009.0,92.0,1621.213798400935
0.14,0.69333,12.0,1.18333.3,3009.0,92.0,1621.213798400935
0.14,0.69333,12.0,1.18333.4,3009.0,92.0,1621.213798400935
0.14,0.69333,12.0,1.25.1,2180.0,85.0,1595.368442787823
0.14,0.69333,12.0,1.25.2,2180.0,85.0,1595.368442787823
0.14,0.69333,12.0,1.25.3,2180.0,85.0,1595.368442787823
0.14,0.99,4.0,1.05,,130.0,1084.97354773773
0.14,0.99,4.0,1.11667,4213.0,103.0,1043.787815321558
0.14,0.99,4.0,1.18333,2617.0,92.0,1012.943595814537
0.14,0.99,4.0,1.25,1900.0,84.0,987.502983101863
0.14,0.99,4.0,1.05.1,,130.0,1084.97354773773
0.14,0.99,4.0,1.05.2,,130.0,1084.97354773773
0.14,0.99,4.0,1.05.3,,130.0,1084.97354773773
0.14,0.99,4.0,1.05.4,,130.0,1084.97354773773
0.14,0.99,4.0,1.11667.1,4213.0,103.0,1043.787815321558
0.14,0.99,4.0,1.11667.2,4213.0,103.0,1043.787815321558
0.14,0.99,4.0,1.11667.3,4213.0,103.0,1043.787815321558
0.14,0.99,4.0,1.11667.4,4213.0,103.0,1043.787815321558
0.14,0.99,4.0,1.18333.1,2617.0,92.0,1012.943595814537
0.14,0.99,4.0,1.18333.2,2617.0,92.0,1012.943595814537
0.14,0.99,4.0,1.18333.3,2617.0,92.0,1012.943595814537
0.14,0.99,4.0,1.18333.4,2617.0,92.0,1012.943595814537
0.14,0.99,4.0,1.18333.5,2617.0,92.0,1012.943595814537
0.14,0.99,4.0,1.25.1,1900.0,84.0,987.502983101863
0.14,0.99,6.66667,1.05,,130.0,1088.37465650243
0.14,0.99,6.66667,1.11667,4216.0,103.0,1047.188916771845
0.14,0.99,6.66667,1.18333,2619.0,92.0,1016.344671451242
0.14,0.99,6.66667,1.25,1901.0,84.0,990.9039799646041
0.14,0.99,6.66667,1.05.1,,130.0,1088.37465650243
0.14,0.99,6.66667,1.05.2,,130.0,1088.37465650243
0.14,0.99,6.66667,1.05.3,,130.0,1088.37465650243
0.14,0.99,6.66667,1.11667.1,4216.0,103.0,1047.188916771845
0.14,0.99,6.66667,1.11667.2,4216.0,103.0,1047.188916771845
0.14,0.99,6.66667,1.11667.3,4216.0,103.0,1047.188916771845
0.14,0.99,6.66667,1.11667.4,4216.0,103.0,1047.188916771845
0.14,0.99,6.66667,1.11667.5,4216.0,103.0,1047.188916771845
0.14,0.99,6.66667,1.18333.1,2619.0,92.0,1016.344671451242
0.14,0.99,6.66667,1.18333.2,2619.0,92.0,1016.344671451242
0.14,0.99,6.66667,1.25.1,1901.0,84.0,990.9039799646041
0.14,0.99,6.66667,1.25.2,1901.0,84.0,990.9039799646041
0.14,0.99,9.33333,1.05,,130.0,1091.775719645064
0.14,0.99,9.33333,1.11667,4220.0,103.0,1050.589500285778
0.14,0.99,9.33333,1.18333,2621.0,92.0,1019.7441155243309
0.14,0.99,9.33333,1.25,1903.0,84.0,994.301224790895
0.14,0.99,9.33333,1.05.1,,130.0,1091.775719645064
0.14,0.99,9.33333,1.05.2,,130.0,1091.775719645064
0.14,0.99,9.33333,1.11667.1,4220.0,103.0,1050.589500285778
0.14,0.99,9.33333,1.11667.2,4220.0,103.0,1050.589500285778
0.14,0.99,9.33333,1.11667.3,4220.0,103.0,1050.589500285778
0.14,0.99,9.33333,1.11667.4,4220.0,103.0,1050.589500285778
0.14,0.99,9.33333,1.11667.5,4220.0,103.0,1050.589500285778
0.14,0.99,9.33333,1.18333.1,2621.0,92.0,1019.7441155243309
0.14,0.99,9.33333,1.18333.2,2621.0,92.0,1019.7441155243309
0.14,0.99,9.33333,1.18333.3,2621.0,92.0,1019.7441155243309
0.14,0.99,9.33333,1.18333.4,2621.0,92.0,1019.7441155243309
0.14,0.99,9.33333,1.18333.5,2621.0,92.0,1019.7441155243309
0.14,0.99,9.33333,1.25.1,1903.0,84.0,994.301224790895
0.14,0.99,9.33333,1.25.2,1903.0,84.0,994.301224790895
0.14,0.99,12.0,1.05,,130.0,1095.176121753151
0.14,0.99,12.0,1.11667,4223.0,103.0,1053.984853847226
0.14,0.99,12.0,1.18333,2623.0,92.0,1023.131321522814
0.14,0.99,12.0,1.25,1904.0,84.0,997.676006466648
0.14,0.99,12.0,1.05.1,,130.0,1095.176121753151
0.14,0.99,12.0,1.05.2,,130.0,1095.176121753151
0.14,0.99,12.0,1.05.3,,130.0,1095.176121753151
0.14,0.99,12.0,1.05.4,,130.0,1095.176121753151
0.14,0.99,12.0,1.11667.1,4223.0,103.0,1053.984853847226
0.14,0.99,12.0,1.11667.2,4223.0,103.0,1053.984853847226
0.14,0.99,12.0,1.11667.3,4223.0,103.0,1053.984853847226
0.14,0.99,12.0,1.11667.4,4223.0,103.0,1053.984853847226
0.14,0.99,12.0,1.18333.1,2623.0,92.0,1023.131321522814
0.14,0.99,12.0,1.18333.2,2623.0,92.0,1023.131321522814
0.14,0.99,12.0,1.18333.3,2623.0,92.0,1023.131321522814
0.14,0.99,12.0,1.25.1,1904.0,84.0,997.676006466648
0.14,0.99,12.0,1.25.2,1904.0,84.0,997.676006466648
0.14,0.99,12.0,1.25.3,1904.0,84.0,997.676006466648
0.14,0.99,12.0,1.25.4,1904.0,84.0,997.676006466648
0.2,0.1,4.0,1.05,,130.0,1614.165756437334
0.2,0.1,4.0,1.11667,4781.0,103.0,1572.808653054348
0.2,0.1,4.0,1.18333,2957.0,92.0,1541.894615206975
0.2,0.1,4.0,1.25,2142.0,84.0,1516.403216713906
0.2,0.1,4.0,1.05.1,,130.0,1614.165756437334
0.2,0.1,4.0,1.05.2,,130.0,1614.165756437334
0.2,0.1,4.0,1.05.3,,130.0,1614.165756437334
0.2,0.1,4.0,1.05.4,,130.0,1614.165756437334
0.2,0.1,4.0,1.05.5,,130.0,1614.165756437334
0.2,0.1,4.0,1.05.6,,130.0,1614.165756437334
0.2,0.1,4.0,1.05.7,,130.0,1614.165756437334
0.2,0.1,4.0,1.11667.1,4781.0,103.0,1572.808653054348
0.2,0.1,4.0,1.11667.2,4781.0,103.0,1572.808653054348
0.2,0.1,4.0,1.11667.3,4781.0,103.0,1572.808653054348
0.2,0.1,4.0,1.18333.1,2957.0,92.0,1541.894615206975
0.2,0.1,4.0,1.18333.2,2957.0,92.0,1541.894615206975
0.2,0.1,4.0,1.18333.3,2957.0,92.0,1541.894615206975
0.2,0.1,4.0,1.18333.4,2957.0,92.0,1541.894615206975
0.2,0.1,4.0,1.18333.5,2957.0,92.0,1541.894615206975
0.2,0.1,4.0,1.18333.6,2957.0,92.0,1541.894615206975
0.2,0.1,4.0,1.18333.7,2957.0,92.0,1541.894615206975
0.2,0.1,4.0,1.18333.8,2957.0,92.0,1541.894615206975
0.2,0.1,4.0,1.25.1,2142.0,84.0,1516.403216713906
0.2,0.1,4.0,1.25.2,2142.0,84.0,1516.403216713906
0.2,0.1,6.66667,1.05,,130.0,1821.53984485257
0.2,0.1,6.66667,1.11667,4987.0,103.0,1780.182425813297
0.2,0.1,6.66667,1.18333,3084.0,92.0,1749.267026896615
0.2,0.1,6.66667,1.25,2235.0,84.0,1723.771784516625
0.2,0.1,6.66667,1.05.1,,130.0,1821.53984485257
0.2,0.1,6.66667,1.05.2,,130.0,1821.53984485257
0.2,0.1,6.66667,1.05.3,,130.0,1821.53984485257
0.2,0.1,6.66667,1.05.4,,130.0,1821.53984485257
0.2,0.1,6.66667,1.11667.1,4987.0,103.0,1780.182425813297
0.2,0.1,6.66667,1.11667.2,4987.0,103.0,1780.182425813297
0.2,0.1,6.66667,1.11667.3,4987.0,103.0,1780.182425813297
0.2,0.1,6.66667,1.11667.4,4987.0,103.0,1780.182425813297
0.2,0.1,6.66667,1.11667.5,4987.0,103.0,1780.182425813297
0.2,0.1,6.66667,1.11667.6,4987.0,103.0,1780.182425813297
0.2,0.1,6.66667,1.11667.7,4987.0,103.0,1780.182425813297
0.2,0.1,6.66667,1.11667.8,4987.0,103.0,1780.182425813297
0.2,0.1,6.66667,1.11667.9,4987.0,103.0,1780.182425813297
0.2,0.1,6.66667,1.18333.1,3084.0,92.0,1749.267026896615
0.2,0.1,6.66667,1.18333.2,3084.0,92.0,1749.267026896615
0.2,0.1,6.66667,1.18333.3,3084.0,92.0,1749.267026896615
0.2,0.1,6.66667,1.25.1,2235.0,84.0,1723.771784516625
0.2,0.1,6.66667,1.25.2,2235.0,84.0,1723.771784516625
0.2,0.1,6.66667,1.25.3,2235.0,84.0,1723.771784516625
0.2,0.1,6.66667,1.25.4,2235.0,84.0,1723.771784516625
0.2,0.1,6.66667,1.25.5,2235.0,84.0,1723.771784516625
0.2,0.1,6.66667,1.25.6,2235.0,84.0,1723.771784516625
0.2,0.1,9.33333,1.05,,131.0,2028.9062602653908
0.2,0.1,9.33333,1.11667,5193.0,103.0,1987.524020538579
0.2,0.1,9.33333,1.18333,3212.0,92.0,1956.550456379575
0.2,0.1,9.33333,1.25,2327.0,85.0,1930.955785618248
0.2,0.1,9.33333,1.05.1,,131.0,2028.9062602653908
0.2,0.1,9.33333,1.05.2,,131.0,2028.9062602653908
0.2,0.1,9.33333,1.05.3,,131.0,2028.9062602653908
0.2,0.1,9.33333,1.05.4,,131.0,2028.9062602653908
0.2,0.1,9.33333,1.11667.1,5193.0,103.0,1987.524020538579
0.2,0.1,9.33333,1.11667.2,5193.0,103.0,1987.524020538579
0.2,0.1,9.33333,1.11667.3,5193.0,103.0,1987.524020538579
0.2,0.1,9.33333,1.11667.4,5193.0,103.0,1987.524020538579
0.2,0.1,9.33333,1.11667.5,5193.0,103.0,1987.524020538579
0.2,0.1,9.33333,1.11667.6,5193.0,103.0,1987.524020538579
0.2,0.1,9.33333,1.11667.7,5193.0,103.0,1987.524020538579
0.2,0.1,9.33333,1.18333.1,3212.0,92.0,1956.550456379575
0.2,0.1,9.33333,1.18333.2,3212.0,92.0,1956.550456379575
0.2,0.1,9.33333,1.18333.3,3212.0,92.0,1956.550456379575
0.2,0.1,9.33333,1.18333.4,3212.0,92.0,1956.550456379575
0.2,0.1,9.33333,1.18333.5,3212.0,92.0,1956.550456379575
0.2,0.1,9.33333,1.18333.6,3212.0,92.0,1956.550456379575
0.2,0.1,9.33333,1.25.1,2327.0,85.0,1930.955785618248
0.2,0.1,9.33333,1.25.2,2327.0,85.0,1930.955785618248
0.2,0.1,9.33333,1.25.3,2327.0,85.0,1930.955785618248
0.2,0.1,9.33333,1.25.4,2327.0,85.0,1930.955785618248
0.2,0.1,12.0,1.05,,131.0,2236.237806392708
0.2,0.1,12.0,1.11667,5399.0,104.0,2194.606370623475
0.2,0.1,12.0,1.18333,3339.0,93.0,2163.195851108458
0.2,0.1,12.0,1.25,2419.0,86.0,2137.0421796147657
0.2,0.1,12.0,1.05.1,,131.0,2236.237806392708
0.2,0.1,12.0,1.05.2,,131.0,2236.237806392708
0.2,0.1,12.0,1.05.3,,131.0,2236.237806392708
0.2,0.1,12.0,1.11667.1,5399.0,104.0,2194.606370623475
0.2,0.1,12.0,1.11667.2,5399.0,104.0,2194.606370623475
0.2,0.1,12.0,1.11667.3,5399.0,104.0,2194.606370623475
0.2,0.1,12.0,1.11667.4,5399.0,104.0,2194.606370623475
0.2,0.1,12.0,1.11667.5,5399.0,104.0,2194.606370623475
0.2,0.1,12.0,1.11667.6,5399.0,104.0,2194.606370623475
0.2,0.1,12.0,1.11667.7,5399.0,104.0,2194.606370623475
0.2,0.1,12.0,1.11667.8,5399.0,104.0,2194.606370623475
0.2,0.1,12.0,1.11667.9,5399.0,104.0,2194.606370623475
0.2,0.1,12.0,1.18333.1,3339.0,93.0,2163.195851108458
0.2,0.1,12.0,1.18333.2,3339.0,93.0,2163.195851108458
0.2,0.1,12.0,1.18333.3,3339.0,93.0,2163.195851108458
0.2,0.1,12.0,1.25.1,2419.0,86.0,2137.0421796147657
0.2,0.1,12.0,1.25.2,2419.0,86.0,2137.0421796147657
0.2,0.1,12.0,1.25.3,2419.0,86.0,2137.0421796147657
0.2,0.1,12.0,1.25.4,2419.0,86.0,2137.0421796147657
0.2,0.1,12.0,1.25.5,2419.0,86.0,2137.0421796147657
0.2,0.39667,4.0,1.05,,130.0,1467.207019372884
0.2,0.39667,4.0,1.11667,4601.0,103.0,1426.05747865433
0.2,0.39667,4.0,1.18333,2853.0,92.0,1395.228005854071
0.2,0.39667,4.0,1.25,2070.0,84.0,1369.798116855455
0.2,0.39667,4.0,1.05.1,,130.0,1467.207019372884
0.2,0.39667,4.0,1.05.2,,130.0,1467.207019372884
0.2,0.39667,4.0,1.05.3,,130.0,1467.207019372884
0.2,0.39667,4.0,1.05.4,,130.0,1467.207019372884
0.2,0.39667,4.0,1.11667.1,4601.0,103.0,1426.05747865433
0.2,0.39667,4.0,1.11667.2,4601.0,103.0,1426.05747865433
0.2,0.39667,4.0,1.11667.3,4601.0,103.0,1426.05747865433
0.2,0.39667,4.0,1.11667.4,4601.0,103.0,1426.05747865433
0.2,0.39667,4.0,1.11667.5,4601.0,103.0,1426.05747865433
0.2,0.39667,4.0,1.11667.6,4601.0,103.0,1426.05747865433
0.2,0.39667,4.0,1.18333.1,2853.0,92.0,1395.228005854071
0.2,0.39667,4.0,1.18333.2,2853.0,92.0,1395.228005854071
0.2,0.39667,4.0,1.18333.3,2853.0,92.0,1395.228005854071
0.2,0.39667,4.0,1.18333.4,2853.0,92.0,1395.228005854071
0.2,0.39667,4.0,1.18333.5,2853.0,92.0,1395.228005854071
0.2,0.39667,4.0,1.18333.6,2853.0,92.0,1395.228005854071
0.2,0.39667,4.0,1.25.1,2070.0,84.0,1369.798116855455
0.2,0.39667,4.0,1.25.2,2070.0,84.0,1369.798116855455
0.2,0.39667,4.0,1.25.3,2070.0,84.0,1369.798116855455
0.2,0.39667,4.0,1.25.4,2070.0,84.0,1369.798116855455
0.2,0.39667,6.66667,1.05,,130.0,1606.221426635443
0.2,0.39667,6.66667,1.11667,4738.0,103.0,1565.071645584467
0.2,0.39667,6.66667,1.18333,2939.0,92.0,1534.241157681232
0.2,0.39667,6.66667,1.25,2132.0,84.0,1508.808395259211
0.2,0.39667,6.66667,1.05.1,,130.0,1606.221426635443
0.2,0.39667,6.66667,1.05.2,,130.0,1606.221426635443
0.2,0.39667,6.66667,1.05.3,,130.0,1606.221426635443
0.2,0.39667,6.66667,1.05.4,,130.0,1606.221426635443
0.2,0.39667,6.66667,1.05.5,,130.0,1606.221426635443
0.2,0.39667,6.66667,1.05.6,,130.0,1606.221426635443
0.2,0.39667,6.66667,1.11667.1,4738.0,103.0,1565.071645584467
0.2,0.39667,6.66667,1.11667.2,4738.0,103.0,1565.071645584467
0.2,0.39667,6.66667,1.18333.1,2939.0,92.0,1534.241157681232
0.2,0.39667,6.66667,1.18333.2,2939.0,92.0,1534.241157681232
0.2,0.39667,6.66667,1.18333.3,2939.0,92.0,1534.241157681232
0.2,0.39667,6.66667,1.18333.4,2939.0,92.0,1534.241157681232
0.2,0.39667,6.66667,1.25.1,2132.0,84.0,1508.808395259211
0.2,0.39667,6.66667,1.25.2,2132.0,84.0,1508.808395259211
0.2,0.39667,9.33333,1.05,,130.0,1745.23116196909
0.2,0.39667,9.33333,1.11667,4875.0,103.0,1704.063496726666
0.2,0.39667,9.33333,1.18333,3024.0,92.0,1673.190874388193
0.2,0.39667,9.33333,1.25,2194.0,84.0,1647.67648809896
0.2,0.39667,9.33333,1.05.1,,130.0,1745.23116196909
0.2,0.39667,9.33333,1.11667.1,4875.0,103.0,1704.063496726666
0.2,0.39667,9.33333,1.11667.2,4875.0,103.0,1704.063496726666
0.2,0.39667,9.33333,1.11667.3,4875.0,103.0,1704.063496726666
0.2,0.39667,9.33333,1.18333.1,3024.0,92.0,1673.190874388193
0.2,0.39667,9.33333,1.18333.2,3024.0,92.0,1673.190874388193
0.2,0.39667,9.33333,1.25.1,2194.0,84.0,1647.67648809896
0.2,0.39667,9.33333,1.25.2,2194.0,84.0,1647.67648809896
0.2,0.39667,9.33333,1.25.3,2194.0,84.0,1647.67648809896
0.2,0.39667,12.0,1.05,,130.0,1884.214577624151
0.2,0.39667,12.0,1.11667,5012.0,104.0,1842.86319332845
0.2,0.39667,12.0,1.18333,3109.0,92.0,1811.673572652819
0.2,0.39667,12.0,1.25,2255.0,85.0,1785.763928667349
0.2,0.39667,12.0,1.05.1,,130.0,1884.214577624151
0.2,0.39667,12.0,1.05.2,,130.0,1884.214577624151
0.2,0.39667,12.0,1.05.3,,130.0,1884.214577624151
0.2,0.39667,12.0,1.11667.1,5012.0,104.0,1842.86319332845
0.2,0.39667,12.0,1.11667.2,5012.0,104.0,1842.86319332845
0.2,0.39667,12.0,1.11667.3,5012.0,104.0,1842.86319332845
0.2,0.39667,12.0,1.11667.4,5012.0,104.0,1842.86319332845
0.2,0.39667,12.0,1.11667.5,5012.0,104.0,1842.86319332845
0.2,0.39667,12.0,1.11667.6,5012.0,104.0,1842.86319332845
0.2,0.39667,12.0,1.11667.7,5012.0,104.0,1842.86319332845
0.2,0.39667,12.0,1.18333.1,3109.0,92.0,1811.673572652819
0.2,0.39667,12.0,1.18333.2,3109.0,92.0,1811.673572652819
0.2,0.39667,12.0,1.18333.3,3109.0,92.0,1811.673572652819
0.2,0.39667,12.0,1.18333.4,3109.0,92.0,1811.673572652819
0.2,0.39667,12.0,1.25.1,2255.0,85.0,1785.763928667349
0.2,0.39667,12.0,1.25.2,2255.0,85.0,1785.763928667349
0.2,0.39667,12.0,1.25.3,2255.0,85.0,1785.763928667349
0.2,0.39667,12.0,1.25.4,2255.0,85.0,1785.763928667349
0.2,0.39667,12.0,1.25.5,2255.0,85.0,1785.763928667349
0.2,0.39667,12.0,1.25.6,2255.0,85.0,1785.763928667349
0.2,0.39667,12.0,1.25.7,2255.0,85.0,1785.763928667349
0.2,0.69333,4.0,1.05,,129.0,1298.067235554956
0.2,0.69333,4.0,1.11667,4402.0,103.0,1257.121878724467
0.2,0.69333,4.0,1.18333,2737.0,92.0,1226.376973391044
0.2,0.69333,4.0,1.25,1989.0,84.0,1201.008595203233
0.2,0.69333,4.0,1.05.1,,129.0,1298.067235554956
0.2,0.69333,4.0,1.05.2,,129.0,1298.067235554956
0.2,0.69333,4.0,1.05.3,,129.0,1298.067235554956
0.2,0.69333,4.0,1.05.4,,129.0,1298.067235554956
0.2,0.69333,4.0,1.05.5,,129.0,1298.067235554956
0.2,0.69333,4.0,1.05.6,,129.0,1298.067235554956
0.2,0.69333,4.0,1.05.7,,129.0,1298.067235554956
0.2,0.69333,4.0,1.05.8,,129.0,1298.067235554956
0.2,0.69333,4.0,1.11667.1,4402.0,103.0,1257.121878724467
0.2,0.69333,4.0,1.11667.2,4402.0,103.0,1257.121878724467
0.2,0.69333,4.0,1.18333.1,2737.0,92.0,1226.376973391044
0.2,0.69333,4.0,1.18333.2,2737.0,92.0,1226.376973391044
0.2,0.69333,4.0,1.18333.3,2737.0,92.0,1226.376973391044
0.2,0.69333,4.0,1.25.1,1989.0,84.0,1201.008595203233
0.2,0.69333,6.66667,1.05,,129.0,1368.725077761159
0.2,0.69333,6.66667,1.11667,4472.0,103.0,1327.779570933964
0.2,0.69333,6.66667,1.18333,2781.0,92.0,1297.03404072425
0.2,0.69333,6.66667,1.25,2020.0,84.0,1271.66388102104
0.2,0.69333,6.66667,1.05.1,,129.0,1368.725077761159
0.2,0.69333,6.66667,1.05.2,,129.0,1368.725077761159
0.2,0.69333,6.66667,1.05.3,,129.0,1368.725077761159
0.2,0.69333,6.66667,1.05.4,,129.0,1368.725077761159
0.2,0.69333,6.66667,1.11667.1,4472.0,103.0,1327.779570933964
0.2,0.69333,6.66667,1.11667.2,4472.0,103.0,1327.779570933964
0.2,0.69333,6.66667,1.11667.3,4472.0,103.0,1327.779570933964
0.2,0.69333,6.66667,1.11667.4,4472.0,103.0,1327.779570933964
0.2,0.69333,6.66667,1.11667.5,4472.0,103.0,1327.779570933964
0.2,0.69333,6.66667,1.11667.6,4472.0,103.0,1327.779570933964
0.2,0.69333,6.66667,1.11667.7,4472.0,103.0,1327.779570933964
0.2,0.69333,6.66667,1.18333.1,2781.0,92.0,1297.03404072425
0.2,0.69333,6.66667,1.18333.2,2781.0,92.0,1297.03404072425
0.2,0.69333,6.66667,1.18333.3,2781.0,92.0,1297.03404072425
0.2,0.69333,6.66667,1.25.1,2020.0,84.0,1271.66388102104
0.2,0.69333,6.66667,1.25.2,2020.0,84.0,1271.66388102104
0.2,0.69333,6.66667,1.25.3,2020.0,84.0,1271.66388102104
0.2,0.69333,6.66667,1.25.4,2020.0,84.0,1271.66388102104
0.2,0.69333,6.66667,1.25.5,2020.0,84.0,1271.66388102104
0.2,0.69333,6.66667,1.25.6,2020.0,84.0,1271.66388102104
0.2,0.69333,6.66667,1.25.7,2020.0,84.0,1271.66388102104
0.2,0.69333,6.66667,1.25.8,2020.0,84.0,1271.66388102104
0.2,0.69333,9.33333,1.05,,129.0,1439.381184039235
0.2,0.69333,9.33333,1.11667,4541.0,103.0,1398.425311592407
0.2,0.69333,9.33333,1.18333,2824.0,92.0,1367.655180465643
0.2,0.69333,9.33333,1.25,2051.0,84.0,1342.237396128229
0.2,0.69333,9.33333,1.05.1,,129.0,1439.381184039235
0.2,0.69333,9.33333,1.05.2,,129.0,1439.381184039235
0.2,0.69333,9.33333,1.05.3,,129.0,1439.381184039235
0.2,0.69333,9.33333,1.11667.1,4541.0,103.0,1398.425311592407
0.2,0.69333,9.33333,1.11667.2,4541.0,103.0,1398.425311592407
0.2,0.69333,9.33333,1.11667.3,4541.0,103.0,1398.425311592407
0.2,0.69333,9.33333,1.18333.1,2824.0,92.0,1367.655180465643
0.2,0.69333,9.33333,1.18333.2,2824.0,92.0,1367.655180465643
0.2,0.69333,9.33333,1.25.1,2051.0,84.0,1342.237396128229
0.2,0.69333,9.33333,1.25.2,2051.0,84.0,1342.237396128229
0.2,0.69333,12.0,1.05,,129.0,1510.021822044605
0.2,0.69333,12.0,1.11667,4610.0,103.0,1468.958784679332
0.2,0.69333,12.0,1.18333,2867.0,92.0,1438.014263112244
0.2,0.69333,12.0,1.25,2083.0,85.0,1412.359760999557
0.2,0.69333,12.0,1.05.1,,129.0,1510.021822044605
0.2,0.69333,12.0,1.05.2,,129.0,1510.021822044605
0.2,0.69333,12.0,1.05.3,,129.0,1510.021822044605
0.2,0.69333,12.0,1.11667.1,4610.0,103.0,1468.958784679332
0.2,0.69333,12.0,1.11667.2,4610.0,103.0,1468.958784679332
0.2,0.69333,12.0,1.11667.3,4610.0,103.0,1468.958784679332
0.2,0.69333,12.0,1.18333.1,2867.0,92.0,1438.014263112244
0.2,0.69333,12.0,1.25.1,2083.0,85.0,1412.359760999557
0.2,0.69333,12.0,1.25.2,2083.0,85.0,1412.359760999557
0.2,0.69333,12.0,1.25.3,2083.0,85.0,1412.359760999557
0.2,0.69333,12.0,1.25.4,2083.0,85.0,1412.359760999557
0.2,0.99,4.0,1.05,,129.0,1063.218761712916
0.2,0.99,4.0,1.11667,4143.0,103.0,1022.473272865991
0.2,0.99,4.0,1.18333,2583.0,91.0,991.8140837315009
0.2,0.99,4.0,1.25,1879.0,84.0,966.506074212469
0.2,0.99,4.0,1.05.1,,129.0,1063.218761712916
0.2,0.99,4.0,1.11667.1,4143.0,103.0,1022.473272865991
0.2,0.99,4.0,1.11667.2,4143.0,103.0,1022.473272865991
0.2,0.99,4.0,1.11667.3,4143.0,103.0,1022.473272865991
0.2,0.99,4.0,1.11667.4,4143.0,103.0,1022.473272865991
0.2,0.99,4.0,1.11667.5,4143.0,103.0,1022.473272865991
0.2,0.99,4.0,1.11667.6,4143.0,103.0,1022.473272865991
0.2,0.99,4.0,1.18333.1,2583.0,91.0,991.8140837315009
0.2,0.99,4.0,1.18333.2,2583.0,91.0,991.8140837315009
0.2,0.99,4.0,1.18333.3,2583.0,91.0,991.8140837315009
0.2,0.99,4.0,1.25.1,1879.0,84.0,966.506074212469
0.2,0.99,4.0,1.25.2,1879.0,84.0,966.506074212469
0.2,0.99,4.0,1.25.3,1879.0,84.0,966.506074212469
0.2,0.99,4.0,1.25.4,1879.0,84.0,966.506074212469
0.2,0.99,4.0,1.25.5,1879.0,84.0,966.506074212469
0.2,0.99,4.0,1.25.6,1879.0,84.0,966.506074212469
0.2,0.99,4.0,1.25.7,1879.0,84.0,966.506074212469
0.2,0.99,4.0,1.25.8,1879.0,84.0,966.506074212469
0.2,0.99,6.66667,1.05,,129.0,1065.522519532933
0.2,0.99,6.66667,1.11667,4145.0,103.0,1024.777030683015
0.2,0.99,6.66667,1.18333,2584.0,91.0,994.117795049656
0.2,0.99,6.66667,1.25,1880.0,84.0,968.8097010045201
0.2,0.99,6.66667,1.05.1,,129.0,1065.522519532933
0.2,0.99,6.66667,1.05.2,,129.0,1065.522519532933
0.2,0.99,6.66667,1.05.3,,129.0,1065.522519532933
0.2,0.99,6.66667,1.05.4,,129.0,1065.522519532933
0.2,0.99,6.66667,1.11667.1,4145.0,103.0,1024.777030683015
0.2,0.99,6.66667,1.18333.1,2584.0,91.0,994.117795049656
0.2,0.99,6.66667,1.18333.2,2584.0,91.0,994.117795049656
0.2,0.99,6.66667,1.18333.3,2584.0,91.0,994.117795049656
0.2,0.99,6.66667,1.18333.4,2584.0,91.0,994.117795049656
0.2,0.99,6.66667,1.18333.5,2584.0,91.0,994.117795049656
0.2,0.99,6.66667,1.18333.6,2584.0,91.0,994.117795049656
0.2,0.99,9.33333,1.05,,129.0,1067.826305107311
0.2,0.99,9.33333,1.11667,4147.0,103.0,1027.080357506796
0.2,0.99,9.33333,1.18333,2585.0,91.0,996.4198366037001
0.2,0.99,9.33333,1.25,1881.0,84.0,971.1097873918841
0.2,0.99,9.33333,1.05.1,,129.0,1067.826305107311
0.2,0.99,9.33333,1.05.2,,129.0,1067.826305107311
0.2,0.99,9.33333,1.11667.1,4147.0,103.0,1027.080357506796
0.2,0.99,9.33333,1.11667.2,4147.0,103.0,1027.080357506796
0.2,0.99,9.33333,1.11667.3,4147.0,103.0,1027.080357506796
0.2,0.99,9.33333,1.11667.4,4147.0,103.0,1027.080357506796
0.2,0.99,9.33333,1.18333.1,2585.0,91.0,996.4198366037001
0.2,0.99,9.33333,1.18333.2,2585.0,91.0,996.4198366037001
0.2,0.99,9.33333,1.18333.3,2585.0,91.0,996.4198366037001
0.2,0.99,9.33333,1.18333.4,2585.0,91.0,996.4198366037001
0.2,0.99,9.33333,1.18333.5,2585.0,91.0,996.4198366037001
0.2,0.99,9.33333,1.25.1,1881.0,84.0,971.1097873918841
0.2,0.99,9.33333,1.25.2,1881.0,84.0,971.1097873918841
0.2,0.99,9.33333,1.25.3,1881.0,84.0,971.1097873918841
0.2,0.99,9.33333,1.25.4,1881.0,84.0,971.1097873918841
0.2,0.99,9.33333,1.25.5,1881.0,84.0,971.1097873918841
0.2,0.99,9.33333,1.25.6,1881.0,84.0,971.1097873918841
0.2,0.99,9.33333,1.25.7,1881.0,84.0,971.1097873918841
0.2,0.99,9.33333,1.25.8,1881.0,84.0,971.1097873918841
0.2,0.99,12.0,1.05,,129.0,1070.12948829068
0.2,0.99,12.0,1.11667,4149.0,103.0,1029.37909802087
0.2,0.99,12.0,1.18333,2587.0,92.0,998.710387552218
0.2,0.99,12.0,1.25,1882.0,84.0,973.390299222453
0.2,0.99,12.0,1.05.1,,129.0,1070.12948829068
0.2,0.99,12.0,1.05.2,,129.0,1070.12948829068
0.2,0.99,12.0,1.11667.1,4149.0,103.0,1029.37909802087
0.2,0.99,12.0,1.11667.2,4149.0,103.0,1029.37909802087
0.2,0.99,12.0,1.18333.1,2587.0,92.0,998.710387552218
